"Label (Grouping)","HOUSEHOLD INCOME BY RACE AND HISPANIC OR LATINO ORIGIN OF HOUSEHOLDER","Households","Households!!One race--","Households!!One race--!!White","Households!!One race--!!Black or African American","Households!!One race--!!American Indian and Alaska Native","Households!!One race--!!Asian","Households!!One race--!!Native Hawaiian and Other Pacific Islander","Households!!One race--!!Some other race","Households!!Two or more races","Hispanic or Latino origin (of any race)","White alone, not Hispanic or Latino","HOUSEHOLD INCOME BY AGE OF HOUSEHOLDER","HOUSEHOLD INCOME BY AGE OF HOUSEHOLDER!!15 to 24 years","HOUSEHOLD INCOME BY AGE OF HOUSEHOLDER!!25 to 44 years","HOUSEHOLD INCOME BY AGE OF HOUSEHOLDER!!45 to 64 years","HOUSEHOLD INCOME BY AGE OF HOUSEHOLDER!!65 years and over","FAMILIES","FAMILIES!!Families","FAMILIES!!Families!!With own children under 18 years","FAMILIES!!Families!!With no own children under 18 years","FAMILIES!!Families!!Married-couple families","FAMILIES!!Families!!Female householder, no husband present","FAMILIES!!Families!!Male householder, no wife present","NONFAMILY HOUSEHOLDS","NONFAMILY HOUSEHOLDS!!Nonfamily households","NONFAMILY HOUSEHOLDS!!Nonfamily households!!Female householder","NONFAMILY HOUSEHOLDS!!Nonfamily households!!Female householder!!Living alone","NONFAMILY HOUSEHOLDS!!Nonfamily households!!Female householder!!Not living alone","NONFAMILY HOUSEHOLDS!!Nonfamily households!!Male householder","NONFAMILY HOUSEHOLDS!!Nonfamily households!!Male householder!!Living alone","NONFAMILY HOUSEHOLDS!!Nonfamily households!!Male householder!!Not living alone","PERCENT IMPUTED","PERCENT IMPUTED!!Household income in the past 12 months","PERCENT IMPUTED!!Family income in the past 12 months","PERCENT IMPUTED!!Nonfamily income in the past 12 months"
"Alabama","","","","","","","","","","","","","","","","","","","","","","","","","","","","","","","","","","","",""
"    Total","","","","","","","","","","","","","","","","","","","","","","","","","","","","","","","","","","","",""
"        Estimate","","1,842,174","","71.4%","25.3%","0.5%","1.0%","0.0%","0.8%","1.0%","2.6%","69.7%","","4.4%","31.8%","39.6%","24.2%","","1,240,382","40.9%","59.1%","71.0%","22.7%","6.3%","","601,792","54.6%","49.1%","5.5%","45.4%","38.3%","7.1%","","31.2%","31.8%","28.6%"
"        Margin of Error","","±5,671","","±0.1","±0.1","±0.1","±0.1","±0.1","±0.1","±0.1","±0.1","±0.1","","±0.1","±0.1","±0.2","±0.1","","±5,718","±0.3","±0.3","±0.3","±0.3","±0.2","","±4,435","±0.4","±0.4","±0.2","±0.4","±0.3","±0.2","","(X)","(X)","(X)"
"    Median income (dollars)","","","","","","","","","","","","","","","","","","","","","","","","","","","","","","","","","","","",""
"        Estimate","","43,511","","49,989","29,055","37,727","56,276","95,848","31,911","36,328","34,763","50,353","","20,560","47,850","52,048","33,444","","54,724","51,206","56,934","68,721","25,103","38,141","","24,650","21,177","19,969","37,034","30,182","27,382","44,446","","(X)","(X)","(X)"
"        Margin of Error","","±226","","±307","±384","±3,257","±4,722","±27,518","±2,702","±2,213","±1,337","±293","","±769","±539","±401","±357","","±396","±605","±494","±524","±373","±1,087","","±304","±266","±280","±1,588","±462","±514","±1,798","","(X)","(X)","(X)"
"Alaska","","","","","","","","","","","","","","","","","","","","","","","","","","","","","","","","","","","",""
"    Total","","","","","","","","","","","","","","","","","","","","","","","","","","","","","","","","","","","",""
"        Estimate","","251,678","","74.7%","3.5%","11.4%","3.9%","0.7%","1.0%","4.8%","4.7%","71.8%","","5.4%","36.8%","43.0%","14.8%","","168,552","49.3%","50.7%","74.7%","16.8%","8.6%","","83,126","43.7%","34.5%","9.1%","56.3%","42.6%","13.7%","","26.2%","26.7%","22.5%"
"        Margin of Error","","±1,303","","±0.4","±0.2","±0.2","±0.2","±0.1","±0.1","±0.3","±0.2","±0.4","","±0.3","±0.4","±0.4","±0.2","","±1,583","±0.6","±0.6","±0.7","±0.6","±0.5","","±1,370","±0.9","±0.9","±0.7","±0.9","±1.1","±0.7","","(X)","(X)","(X)"
"    Median income (dollars)","","","","","","","","","","","","","","","","","","","","","","","","","","","","","","","","","","","",""
"        Estimate","","71,829","","78,752","55,897","45,624","63,551","50,853","56,875","55,489","62,038","79,052","","42,742","74,898","82,782","51,768","","83,714","76,571","90,612","97,380","40,807","57,896","","44,885","41,293","35,076","74,693","49,142","41,702","81,081","","(X)","(X)","(X)"
"        Margin of Error","","±735","","±987","±5,839","±1,476","±3,242","±11,858","±10,394","±3,816","±4,533","±986","","±1,731","±1,264","±1,444","±1,610","","±1,046","±1,232","±1,624","±1,235","±1,767","±3,179","","±1,031","±1,098","±1,467","±4,347","±1,671","±1,453","±5,259","","(X)","(X)","(X)"
"Arizona","","","","","","","","","","","","","","","","","","","","","","","","","","","","","","","","","","","",""
"    Total","","","","","","","","","","","","","","","","","","","","","","","","","","","","","","","","","","","",""
"        Estimate","","2,387,246","","83.5%","4.0%","3.2%","2.6%","0.1%","4.7%","1.8%","21.8%","67.4%","","4.7%","33.4%","37.1%","24.8%","","1,569,399","43.3%","56.7%","72.5%","19.3%","8.2%","","817,847","51.4%","42.3%","9.1%","48.6%","37.2%","11.4%","","30.9%","31.2%","28.4%"
"        Margin of Error","","±8,050","","±0.1","±0.1","±0.1","±0.1","±0.1","±0.1","±0.1","±0.1","±0.1","","±0.1","±0.1","±0.1","±0.1","","±8,272","±0.3","±0.3","±0.3","±0.2","±0.2","","±4,480","±0.3","±0.3","±0.2","±0.3","±0.3","±0.3","","(X)","(X)","(X)"
"    Median income (dollars)","","","","","","","","","","","","","","","","","","","","","","","","","","","","","","","","","","","",""
"        Estimate","","49,928","","51,717","39,266","31,549","65,658","44,390","36,660","46,722","38,567","55,363","","25,790","53,575","59,068","40,054","","59,088","53,470","62,870","70,933","32,055","41,224","","32,459","29,527","26,252","51,344","36,357","31,543","57,396","","(X)","(X)","(X)"
"        Margin of Error","","±244","","±232","±1,290","±840","±1,974","±6,588","±853","±1,631","±420","±287","","±654","±430","±533","±342","","±349","±562","±389","±326","±413","±762","","±293","±361","±308","±1,508","±478","±437","±1,342","","(X)","(X)","(X)"
"Arkansas","","","","","","","","","","","","","","","","","","","","","","","","","","","","","","","","","","","",""
"    Total","","","","","","","","","","","","","","","","","","","","","","","","","","","","","","","","","","","",""
"        Estimate","","1,132,488","","80.5%","14.9%","0.6%","1.1%","0.1%","1.4%","1.4%","4.4%","77.7%","","5.2%","32.3%","38.0%","24.5%","","761,579","41.9%","58.1%","73.3%","20.0%","6.8%","","370,909","53.3%","46.9%","6.4%","46.7%","38.2%","8.5%","","28.4%","29.0%","25.8%"
"        Margin of Error","","±4,067","","±0.2","±0.1","±0.1","±0.1","±0.1","±0.1","±0.1","±0.1","±0.1","","±0.1","±0.2","±0.2","±0.1","","±4,376","±0.3","±0.3","±0.4","±0.3","±0.2","","±3,820","±0.5","±0.5","±0.3","±0.5","±0.5","±0.3","","(X)","(X)","(X)"
"    Median income (dollars)","","","","","","","","","","","","","","","","","","","","","","","","","","","","","","","","","","","",""
"        Estimate","","41,264","","44,553","26,733","37,048","55,922","30,118","33,038","34,322","34,173","45,070","","22,179","45,741","48,739","32,199","","51,464","46,943","54,027","61,974","24,692","35,467","","23,520","20,526","18,990","35,461","27,417","25,102","43,055","","(X)","(X)","(X)"
"        Margin of Error","","±239","","±332","±479","±5,545","±3,776","±4,623","±2,059","±1,785","±1,174","±337","","±787","±629","±527","±347","","±339","±670","±405","±478","±514","±1,159","","±293","±357","±327","±1,809","±537","±595","±1,711","","(X)","(X)","(X)"
"California","","","","","","","","","","","","","","","","","","","","","","","","","","","","","","","","","","","",""
"    Total","","","","","","","","","","","","","","","","","","","","","","","","","","","","","","","","","","","",""
"        Estimate","","12,617,280","","67.4%","6.5%","0.7%","12.7%","0.3%","9.4%","3.0%","28.0%","50.3%","","3.5%","35.6%","39.9%","21.0%","","8,666,286","47.1%","52.9%","71.5%","19.8%","8.7%","","3,950,994","52.8%","42.5%","10.2%","47.2%","34.4%","12.8%","","30.8%","31.3%","26.8%"
"        Margin of Error","","±20,413","","±0.1","±0.1","±0.1","±0.1","±0.1","±0.1","±0.1","±0.1","±0.1","","±0.1","±0.1","±0.1","±0.1","","±22,818","±0.1","±0.1","±0.2","±0.1","±0.1","","±11,133","±0.2","±0.2","±0.1","±0.2","±0.1","±0.1","","(X)","(X)","(X)"
"    Median income (dollars)","","","","","","","","","","","","","","","","","","","","","","","","","","","","","","","","","","","",""
"        Estimate","","61,489","","64,405","43,476","45,319","77,932","60,087","44,969","58,769","47,206","72,061","","29,452","64,546","73,775","44,204","","70,187","63,605","75,244","85,968","36,766","48,216","","40,639","35,184","30,219","65,098","47,118","39,742","71,780","","(X)","(X)","(X)"
"        Margin of Error","","±154","","±206","±481","±1,536","±570","±2,481","±247","±904","±197","±239","","±454","±320","±302","±190","","±250","±415","±243","±279","±215","±485","","±170","±222","±185","±818","±358","±383","±706","","(X)","(X)","(X)"
"Colorado","","","","","","","","","","","","","","","","","","","","","","","","","","","","","","","","","","","",""
"    Total","","","","","","","","","","","","","","","","","","","","","","","","","","","","","","","","","","","",""
"        Estimate","","1,998,314","","87.4%","3.7%","0.8%","2.4%","0.1%","3.4%","2.2%","15.4%","76.5%","","5.2%","36.5%","39.1%","19.2%","","1,282,425","46.2%","53.8%","76.9%","16.1%","7.1%","","715,889","51.3%","41.8%","9.5%","48.7%","36.5%","12.2%","","26.0%","26.2%","24.1%"
"        Margin of Error","","±5,078","","±0.1","±0.1","±0.1","±0.1","±0.1","±0.1","±0.1","±0.1","±0.1","","±0.1","±0.1","±0.1","±0.1","","±5,634","±0.2","±0.2","±0.3","±0.2","±0.2","","±4,684","±0.3","±0.3","±0.2","±0.3","±0.4","±0.3","","(X)","(X)","(X)"
"    Median income (dollars)","","","","","","","","","","","","","","","","","","","","","","","","","","","","","","","","","","","",""
"        Estimate","","59,448","","61,794","41,980","40,268","64,854","55,405","38,258","47,342","41,982","65,015","","27,717","63,453","72,479","42,655","","73,817","69,903","76,584","85,888","35,636","48,941","","37,046","33,373","29,616","57,595","41,656","35,811","63,461","","(X)","(X)","(X)"
"        Margin of Error","","±312","","±316","±1,275","±1,745","±2,630","±4,847","±1,211","±1,895","±497","±396","","±789","±563","±569","±408","","±451","±791","±525","±475","±677","±1,345","","±346","±415","±435","±1,335","±492","±493","±1,254","","(X)","(X)","(X)"
"Connecticut","","","","","","","","","","","","","","","","","","","","","","","","","","","","","","","","","","","",""
"    Total","","","","","","","","","","","","","","","","","","","","","","","","","","","","","","","","","","","",""
"        Estimate","","1,356,206","","81.5%","9.4%","0.2%","3.3%","0.0%","4.0%","1.6%","11.0%","75.2%","","2.4%","30.7%","42.9%","23.9%","","899,557","44.6%","55.4%","73.9%","19.6%","6.6%","","456,649","55.5%","47.8%","7.7%","44.5%","35.1%","9.3%","","30.0%","30.7%","26.9%"
"        Margin of Error","","±2,983","","±0.1","±0.1","±0.1","±0.1","±0.1","±0.1","±0.1","±0.1","±0.1","","±0.1","±0.1","±0.2","±0.1","","±3,879","±0.3","±0.3","±0.3","±0.3","±0.2","","±3,066","±0.4","±0.4","±0.3","±0.4","±0.5","±0.3","","(X)","(X)","(X)"
"    Median income (dollars)","","","","","","","","","","","","","","","","","","","","","","","","","","","","","","","","","","","",""
"        Estimate","","69,899","","75,804","42,838","43,609","86,676","52,900","34,826","51,642","39,375","78,695","","29,940","73,361","87,842","44,298","","88,217","86,981","89,024","105,904","40,293","59,611","","39,584","33,495","29,378","71,599","46,769","40,833","78,226","","(X)","(X)","(X)"
"        Margin of Error","","±520","","±499","±1,150","±3,367","±2,302","±13,037","±1,527","±1,835","±1,145","±563","","±1,784","±1,106","±844","±443","","±590","±1,080","±656","±636","±778","±1,693","","±451","±568","±491","±1,827","±770","±621","±2,759","","(X)","(X)","(X)"
"Delaware","","","","","","","","","","","","","","","","","","","","","","","","","","","","","","","","","","","",""
"    Total","","","","","","","","","","","","","","","","","","","","","","","","","","","","","","","","","","","",""
"        Estimate","","339,046","","73.7%","19.9%","0.4%","2.9%","0.0%","1.7%","1.4%","5.8%","70.1%","","3.2%","30.8%","40.7%","25.3%","","227,841","40.7%","59.3%","72.1%","20.7%","7.3%","","111,205","56.2%","47.6%","8.6%","43.8%","33.4%","10.4%","","32.6%","32.8%","30.0%"
"        Margin of Error","","±1,589","","±0.3","±0.3","±0.1","±0.1","±0.1","±0.1","±0.1","±0.2","±0.3","","±0.2","±0.4","±0.3","±0.2","","±2,025","±0.5","±0.5","±0.6","±0.5","±0.4","","±1,850","±0.7","±0.8","±0.5","±0.7","±0.8","±0.6","","(X)","(X)","(X)"
"    Median income (dollars)","","","","","","","","","","","","","","","","","","","","","","","","","","","","","","","","","","","",""
"        Estimate","","60,231","","64,791","46,149","35,809","87,453","38,914","40,474","47,325","46,295","65,660","","29,750","64,800","72,237","44,076","","72,683","70,007","74,202","87,011","37,917","51,458","","36,747","31,482","28,235","59,390","43,745","38,829","65,669","","(X)","(X)","(X)"
"        Margin of Error","","±601","","±768","±1,065","±7,209","±9,266","±22,101","±2,369","±4,126","±2,531","±628","","±2,488","±1,310","±1,285","±908","","±756","±1,657","±911","±820","±1,438","±1,238","","±770","±816","±1,092","±3,946","±1,000","±1,980","±3,441","","(X)","(X)","(X)"
"District of Columbia","","","","","","","","","","","","","","","","","","","","","","","","","","","","","","","","","","","",""
"    Total","","","","","","","","","","","","","","","","","","","","","","","","","","","","","","","","","","","",""
"        Estimate","","267,415","","45.0%","46.2%","0.4%","3.7%","0.0%","2.6%","2.1%","7.8%","40.7%","","4.7%","44.5%","32.4%","18.4%","","113,596","42.0%","58.0%","54.7%","36.4%","8.9%","","153,819","55.2%","45.1%","10.1%","44.8%","33.3%","11.5%","","31.5%","35.3%","27.6%"
"        Margin of Error","","±1,579","","±0.4","±0.4","±0.1","±0.2","±0.1","±0.2","±0.2","±0.3","±0.3","","±0.3","±0.4","±0.4","±0.2","","±1,517","±0.7","±0.7","±0.9","±0.8","±0.6","","±1,505","±0.7","±0.7","±0.5","±0.7","±0.7","±0.5","","(X)","(X)","(X)"
"    Median income (dollars)","","","","","","","","","","","","","","","","","","","","","","","","","","","","","","","","","","","",""
"        Estimate","","69,235","","111,817","40,829","62,928","82,213","75,156","46,148","72,630","61,210","115,109","","31,384","83,013","69,931","47,139","","82,791","63,587","93,095","144,086","37,891","51,405","","60,243","55,024","47,216","104,289","66,674","53,022","123,034","","(X)","(X)","(X)"
"        Margin of Error","","±1,127","","±2,028","±853","±23,088","±6,281","±104,146","±4,498","±10,881","±4,028","±2,351","","±3,049","±1,630","±1,745","±1,954","","±3,148","±4,411","±2,867","±3,704","±1,681","±3,837","","±1,129","±1,393","±1,918","±3,849","±2,640","±2,203","±6,437","","(X)","(X)","(X)"
"Florida","","","","","","","","","","","","","","","","","","","","","","","","","","","","","","","","","","","",""
"    Total","","","","","","","","","","","","","","","","","","","","","","","","","","","","","","","","","","","",""
"        Estimate","","7,217,508","","80.7%","13.7%","0.3%","2.1%","0.1%","1.8%","1.5%","18.6%","64.8%","","3.2%","29.2%","38.7%","29.0%","","4,650,162","38.7%","61.3%","72.3%","20.6%","7.1%","","2,567,346","54.3%","46.2%","8.1%","45.7%","35.3%","10.4%","","32.9%","33.1%","31.2%"
"        Margin of Error","","±24,923","","±0.1","±0.1","±0.1","±0.1","±0.1","±0.1","±0.1","±0.1","±0.1","","±0.1","±0.1","±0.1","±0.1","","±22,123","±0.2","±0.2","±0.2","±0.1","±0.1","","±10,249","±0.2","±0.2","±0.1","±0.2","±0.2","±0.1","","(X)","(X)","(X)"
"    Median income (dollars)","","","","","","","","","","","","","","","","","","","","","","","","","","","","","","","","","","","",""
"        Estimate","","47,212","","50,002","34,467","38,808","61,248","50,838","38,663","42,356","40,712","52,147","","25,030","50,755","55,662","37,683","","57,176","52,345","59,851","68,782","31,704","40,515","","30,319","26,626","24,123","48,962","35,181","30,731","54,094","","(X)","(X)","(X)"
"        Margin of Error","","±163","","±182","±264","±3,168","±956","±4,249","±972","±907","±304","±192","","±452","±308","±339","±194","","±240","±444","±231","±359","±246","±486","","±176","±170","±175","±772","±295","±273","±691","","(X)","(X)","(X)"
"Georgia","","","","","","","","","","","","","","","","","","","","","","","","","","","","","","","","","","","",""
"    Total","","","","","","","","","","","","","","","","","","","","","","","","","","","","","","","","","","","",""
"        Estimate","","3,540,690","","63.8%","29.9%","0.3%","2.9%","0.0%","2.0%","1.2%","6.2%","60.0%","","4.1%","36.5%","39.7%","19.6%","","2,407,098","46.0%","54.0%","70.4%","22.7%","6.9%","","1,133,592","54.1%","47.0%","7.1%","45.9%","36.4%","9.6%","","33.0%","33.7%","29.8%"
"        Margin of Error","","±10,836","","±0.1","±0.1","±0.1","±0.1","±0.1","±0.1","±0.1","±0.1","±0.1","","±0.1","±0.1","±0.1","±0.1","","±10,292","±0.2","±0.2","±0.3","±0.2","±0.2","","±5,992","±0.3","±0.4","±0.2","±0.3","±0.3","±0.2","","(X)","(X)","(X)"
"    Median income (dollars)","","","","","","","","","","","","","","","","","","","","","","","","","","","","","","","","","","","",""
"        Estimate","","49,342","","56,472","36,356","38,359","64,364","45,920","34,510","46,698","38,032","57,820","","23,220","51,851","58,662","36,350","","59,068","55,411","61,671","74,017","28,541","39,226","","30,623","26,718","24,805","46,169","35,176","31,796","51,815","","(X)","(X)","(X)"
"        Margin of Error","","±215","","±278","±272","±4,958","±1,118","±12,091","±922","±2,082","±616","±316","","±601","±303","±448","±303","","±325","±489","±309","±399","±371","±727","","±237","±258","±323","±1,400","±481","±407","±915","","(X)","(X)","(X)"
"Hawaii","","","","","","","","","","","","","","","","","","","","","","","","","","","","","","","","","","","",""
"    Total","","","","","","","","","","","","","","","","","","","","","","","","","","","","","","","","","","","",""
"        Estimate","","450,299","","33.8%","2.2%","0.2%","39.3%","7.7%","1.0%","15.7%","7.0%","31.4%","","3.4%","31.1%","39.8%","25.6%","","311,748","39.6%","60.4%","74.3%","17.8%","8.0%","","138,551","49.4%","39.7%","9.7%","50.6%","38.1%","12.5%","","31.8%","32.7%","27.0%"
"        Margin of Error","","±1,824","","±0.3","±0.1","±0.1","±0.3","±0.2","±0.1","±0.3","±0.2","±0.3","","±0.2","±0.3","±0.3","±0.3","","±2,514","±0.5","±0.5","±0.5","±0.4","±0.3","","±1,991","±0.8","±0.7","±0.6","±0.8","±0.9","±0.7","","(X)","(X)","(X)"
"    Median income (dollars)","","","","","","","","","","","","","","","","","","","","","","","","","","","","","","","","","","","",""
"        Estimate","","68,201","","66,975","61,829","47,083","73,765","57,359","51,111","65,352","55,180","68,592","","38,123","69,205","78,838","57,176","","80,371","74,919","83,853","90,047","47,642","62,357","","41,196","35,573","29,959","70,388","47,410","40,623","75,127","","(X)","(X)","(X)"
"        Margin of Error","","±682","","±1,009","±3,132","±9,978","±1,047","±2,622","±4,927","±1,667","±3,151","±1,172","","±3,231","±1,278","±1,024","±1,103","","±682","±1,522","±933","±920","±1,670","±1,904","","±673","±899","±1,110","±3,197","±1,457","±1,113","±4,449","","(X)","(X)","(X)"
"Idaho","","","","","","","","","","","","","","","","","","","","","","","","","","","","","","","","","","","",""
"    Total","","","","","","","","","","","","","","","","","","","","","","","","","","","","","","","","","","","",""
"        Estimate","","585,259","","93.9%","0.5%","1.2%","1.1%","0.1%","1.7%","1.6%","7.9%","88.1%","","5.7%","33.9%","37.6%","22.8%","","406,703","45.9%","54.1%","79.9%","13.9%","6.2%","","178,556","51.8%","43.2%","8.6%","48.2%","36.7%","11.5%","","27.8%","27.6%","26.8%"
"        Margin of Error","","±2,354","","±0.2","±0.1","±0.1","±0.1","±0.1","±0.1","±0.1","±0.1","±0.2","","±0.2","±0.2","±0.2","±0.2","","±2,641","±0.4","±0.4","±0.5","±0.4","±0.3","","±2,405","±0.7","±0.7","±0.4","±0.7","±0.7","±0.6","","(X)","(X)","(X)"
"    Median income (dollars)","","","","","","","","","","","","","","","","","","","","","","","","","","","","","","","","","","","",""
"        Estimate","","47,334","","47,996","33,391","37,438","53,582","29,944","35,197","36,213","37,346","48,929","","25,338","51,087","57,970","35,876","","56,922","53,897","59,361","64,066","28,517","39,948","","26,921","23,737","21,526","41,324","30,916","27,374","43,592","","(X)","(X)","(X)"
"        Margin of Error","","±444","","±448","±7,758","±2,641","±5,472","±11,900","±2,361","±5,551","±1,350","±476","","±1,070","±616","±1,059","±525","","±535","±892","±778","±668","±818","±1,984","","±429","±536","±441","±2,777","±603","±672","±1,713","","(X)","(X)","(X)"
"Illinois","","","","","","","","","","","","","","","","","","","","","","","","","","","","","","","","","","","",""
"    Total","","","","","","","","","","","","","","","","","","","","","","","","","","","","","","","","","","","",""
"        Estimate","","4,778,633","","76.6%","13.8%","0.2%","4.2%","0.0%","3.9%","1.2%","11.0%","70.0%","","3.6%","34.5%","39.7%","22.2%","","3,131,125","45.0%","55.0%","73.6%","19.4%","7.0%","","1,647,508","53.9%","46.5%","7.4%","46.1%","36.7%","9.4%","","30.7%","31.5%","27.8%"
"        Margin of Error","","±11,513","","±0.1","±0.1","±0.1","±0.1","±0.1","±0.1","±0.1","±0.1","±0.1","","±0.1","±0.1","±0.1","±0.1","","±10,756","±0.2","±0.2","±0.2","±0.1","±0.1","","±6,996","±0.2","±0.3","±0.1","±0.2","±0.2","±0.2","","(X)","(X)","(X)"
"    Median income (dollars)","","","","","","","","","","","","","","","","","","","","","","","","","","","","","","","","","","","",""
"        Estimate","","57,166","","62,152","34,174","41,567","75,890","73,264","44,842","48,716","46,782","63,847","","24,207","62,340","70,284","38,325","","70,967","67,694","73,048","85,287","33,254","47,376","","34,050","29,595","26,594","57,238","40,162","35,695","62,933","","(X)","(X)","(X)"
"        Margin of Error","","±203","","±231","±367","±2,164","±1,179","±12,306","±807","±1,897","±435","±270","","±624","±362","±354","±237","","±326","±622","±342","±348","±307","±640","","±246","±283","±230","±1,110","±354","±385","±1,270","","(X)","(X)","(X)"
"Indiana","","","","","","","","","","","","","","","","","","","","","","","","","","","","","","","","","","","",""
"    Total","","","","","","","","","","","","","","","","","","","","","","","","","","","","","","","","","","","",""
"        Estimate","","2,492,183","","86.7%","8.8%","0.2%","1.5%","0.0%","1.6%","1.1%","4.2%","84.3%","","4.9%","33.2%","39.5%","22.5%","","1,656,156","44.0%","56.0%","74.5%","18.7%","6.9%","","836,027","52.6%","45.3%","7.3%","47.4%","37.7%","9.8%","","26.8%","26.7%","25.5%"
"        Margin of Error","","±6,801","","±0.1","±0.1","±0.1","±0.1","±0.1","±0.1","±0.1","±0.1","±0.1","","±0.1","±0.1","±0.1","±0.1","","±6,490","±0.2","±0.2","±0.3","±0.2","±0.2","","±4,965","±0.3","±0.3","±0.2","±0.3","±0.4","±0.2","","(X)","(X)","(X)"
"    Median income (dollars)","","","","","","","","","","","","","","","","","","","","","","","","","","","","","","","","","","","",""
"        Estimate","","48,737","","51,311","30,531","35,741","52,818","32,589","35,463","37,993","38,618","51,623","","22,736","53,136","59,465","35,667","","60,440","57,166","62,134","71,627","28,679","41,338","","28,641","24,549","22,543","43,933","34,062","31,122","49,559","","(X)","(X)","(X)"
"        Margin of Error","","±254","","±221","±562","±2,468","±2,296","±7,293","±1,224","±2,266","±964","±224","","±649","±443","±459","±275","","±310","±600","±299","±376","±402","±672","","±293","±242","±228","±1,353","±410","±367","±1,057","","(X)","(X)","(X)"
"Iowa","","","","","","","","","","","","","","","","","","","","","","","","","","","","","","","","","","","",""
"    Total","","","","","","","","","","","","","","","","","","","","","","","","","","","","","","","","","","","",""
"        Estimate","","1,232,228","","93.8%","2.5%","0.3%","1.5%","0.0%","0.9%","0.9%","3.4%","91.5%","","5.9%","32.0%","37.9%","24.2%","","797,031","43.8%","56.2%","79.4%","14.3%","6.3%","","435,197","52.6%","44.7%","7.9%","47.4%","36.8%","10.6%","","26.5%","25.8%","26.3%"
"        Margin of Error","","±3,504","","±0.1","±0.1","±0.1","±0.1","±0.1","±0.1","±0.1","±0.1","±0.1","","±0.1","±0.1","±0.2","±0.1","","±2,907","±0.2","±0.2","±0.3","±0.3","±0.2","","±2,917","±0.4","±0.4","±0.2","±0.4","±0.4","±0.3","","(X)","(X)","(X)"
"    Median income (dollars)","","","","","","","","","","","","","","","","","","","","","","","","","","","","","","","","","","","",""
"        Estimate","","52,716","","53,780","27,745","31,208","59,028","57,115","39,465","36,181","40,551","54,102","","26,242","60,276","65,223","35,945","","66,829","65,444","67,808","76,255","30,413","43,476","","29,996","25,539","23,437","44,175","35,376","31,781","54,185","","(X)","(X)","(X)"
"        Margin of Error","","±271","","±277","±1,389","±6,511","±3,494","±30,034","±2,054","±2,471","±1,147","±279","","±641","±488","±500","±372","","±402","±645","±500","±409","±483","±745","","±357","±315","±284","±1,608","±489","±400","±1,420","","(X)","(X)","(X)"
"Kansas","","","","","","","","","","","","","","","","","","","","","","","","","","","","","","","","","","","",""
"    Total","","","","","","","","","","","","","","","","","","","","","","","","","","","","","","","","","","","",""
"        Estimate","","1,112,335","","88.1%","5.6%","0.7%","2.0%","0.0%","1.7%","1.8%","7.4%","82.8%","","6.0%","33.5%","38.1%","22.4%","","730,983","45.8%","54.2%","77.6%","15.8%","6.6%","","381,352","53.1%","45.7%","7.5%","46.9%","37.4%","9.4%","","25.7%","25.6%","24.6%"
"        Margin of Error","","±3,321","","±0.2","±0.1","±0.1","±0.1","±0.1","±0.1","±0.1","±0.1","±0.1","","±0.1","±0.2","±0.2","±0.1","","±3,559","±0.3","±0.3","±0.3","±0.3","±0.2","","±3,127","±0.5","±0.4","±0.3","±0.5","±0.5","±0.3","","(X)","(X)","(X)"
"    Median income (dollars)","","","","","","","","","","","","","","","","","","","","","","","","","","","","","","","","","","","",""
"        Estimate","","51,872","","53,621","32,903","39,104","60,287","60,278","39,298","41,090","39,779","54,776","","25,813","56,041","65,005","37,533","","65,804","62,752","68,007","76,277","29,753","42,555","","30,021","26,414","24,371","44,861","34,469","31,491","49,962","","(X)","(X)","(X)"
"        Margin of Error","","±245","","±282","±1,124","±2,926","±2,881","±26,223","±2,273","±2,019","±859","±307","","±594","±658","±507","±352","","±406","±650","±523","±484","±668","±1,138","","±275","±338","±347","±1,212","±570","±382","±1,491","","(X)","(X)","(X)"
"Kentucky","","","","","","","","","","","","","","","","","","","","","","","","","","","","","","","","","","","",""
"    Total","","","","","","","","","","","","","","","","","","","","","","","","","","","","","","","","","","","",""
"        Estimate","","1,702,235","","89.4%","7.7%","0.2%","1.0%","0.0%","0.6%","1.1%","2.1%","88.1%","","4.6%","32.5%","39.9%","23.0%","","1,134,316","42.2%","57.8%","73.8%","19.2%","7.0%","","567,919","54.0%","47.1%","6.9%","46.0%","37.2%","8.8%","","27.4%","27.5%","25.9%"
"        Margin of Error","","±5,177","","±0.1","±0.1","±0.1","±0.1","±0.1","±0.1","±0.1","±0.1","±0.1","","±0.1","±0.1","±0.2","±0.1","","±5,334","±0.3","±0.3","±0.3","±0.3","±0.2","","±4,154","±0.4","±0.4","±0.2","±0.4","±0.4","±0.3","","(X)","(X)","(X)"
"    Median income (dollars)","","","","","","","","","","","","","","","","","","","","","","","","","","","","","","","","","","","",""
"        Estimate","","43,342","","44,895","28,858","30,713","62,293","38,095","33,225","33,835","34,575","45,053","","22,754","49,463","51,642","31,622","","54,928","53,205","55,911","66,385","25,024","35,559","","24,435","21,586","19,704","40,366","28,438","25,198","45,098","","(X)","(X)","(X)"
"        Margin of Error","","±237","","±249","±753","±6,741","±2,347","±6,605","±1,811","±2,617","±1,325","±262","","±670","±635","±395","±338","","±373","±744","±376","±349","±406","±1,018","","±263","±297","±294","±1,142","±603","±372","±1,350","","(X)","(X)","(X)"
"Louisiana","","","","","","","","","","","","","","","","","","","","","","","","","","","","","","","","","","","",""
"    Total","","","","","","","","","","","","","","","","","","","","","","","","","","","","","","","","","","","",""
"        Estimate","","1,718,876","","66.1%","30.0%","0.6%","1.3%","0.0%","0.8%","1.1%","3.5%","63.6%","","4.8%","33.6%","39.7%","21.9%","","1,133,340","43.4%","56.6%","66.6%","25.6%","7.7%","","585,536","52.4%","45.8%","6.5%","47.6%","38.6%","9.1%","","33.9%","35.1%","30.0%"
"        Margin of Error","","±4,824","","±0.1","±0.1","±0.1","±0.1","±0.1","±0.1","±0.1","±0.1","±0.1","","±0.1","±0.1","±0.2","±0.1","","±5,006","±0.3","±0.3","±0.4","±0.3","±0.2","","±3,723","±0.4","±0.4","±0.2","±0.4","±0.4","±0.3","","(X)","(X)","(X)"
"    Median income (dollars)","","","","","","","","","","","","","","","","","","","","","","","","","","","","","","","","","","","",""
"        Estimate","","44,991","","54,727","28,116","41,408","53,586","64,119","40,149","37,307","44,481","55,070","","22,089","51,117","53,475","31,890","","56,755","53,354","58,916","75,308","25,273","42,921","","25,757","21,410","19,583","42,949","32,112","28,800","49,926","","(X)","(X)","(X)"
"        Margin of Error","","±329","","±460","±355","±6,039","±3,461","±25,280","±2,925","±2,269","±1,301","±488","","±653","±564","±554","±317","","±524","±827","±505","±598","±390","±1,241","","±295","±294","±296","±1,614","±432","±737","±1,307","","(X)","(X)","(X)"
"Maine","","","","","","","","","","","","","","","","","","","","","","","","","","","","","","","","","","","",""
"    Total","","","","","","","","","","","","","","","","","","","","","","","","","","","","","","","","","","","",""
"        Estimate","","553,086","","96.7%","0.7%","0.5%","0.7%","0.0%","0.1%","1.2%","0.9%","96.0%","","3.3%","28.0%","43.0%","25.6%","","347,972","39.1%","60.9%","77.8%","15.3%","6.9%","","205,114","55.2%","45.1%","10.1%","44.8%","33.3%","11.5%","","23.9%","23.5%","22.8%"
"        Margin of Error","","±2,062","","±0.1","±0.1","±0.1","±0.1","±0.1","±0.1","±0.1","±0.1","±0.1","","±0.1","±0.2","±0.2","±0.2","","±2,256","±0.3","±0.3","±0.5","±0.4","±0.3","","±2,266","±0.6","±0.7","±0.4","±0.6","±0.6","±0.5","","(X)","(X)","(X)"
"    Median income (dollars)","","","","","","","","","","","","","","","","","","","","","","","","","","","","","","","","","","","",""
"        Estimate","","48,804","","49,258","24,370","28,835","53,495","39,688","60,933","37,367","39,421","49,360","","27,557","54,154","58,420","34,067","","61,824","56,767","64,293","71,282","29,082","38,620","","27,714","25,158","21,417","52,078","31,677","26,116","54,370","","(X)","(X)","(X)"
"        Margin of Error","","±481","","±492","±4,351","±6,404","±4,135","±89,491","±10,975","±3,681","±3,105","±500","","±1,398","±830","±946","±541","","±608","±1,024","±685","±620","±1,097","±1,438","","±554","±529","±416","±1,838","±786","±642","±2,501","","(X)","(X)","(X)"
"Maryland","","","","","","","","","","","","","","","","","","","","","","","","","","","","","","","","","","","",""
"    Total","","","","","","","","","","","","","","","","","","","","","","","","","","","","","","","","","","","",""
"        Estimate","","2,155,983","","61.9%","29.0%","0.3%","5.0%","0.0%","2.1%","1.7%","5.8%","58.7%","","2.8%","33.4%","42.3%","21.5%","","1,445,917","44.5%","55.5%","71.1%","21.7%","7.2%","","710,066","56.4%","47.9%","8.4%","43.6%","33.9%","9.8%","","29.7%","30.3%","26.4%"
"        Margin of Error","","±5,424","","±0.1","±0.1","±0.1","±0.1","±0.1","±0.1","±0.1","±0.1","±0.1","","±0.1","±0.1","±0.1","±0.1","","±6,015","±0.2","±0.2","±0.3","±0.2","±0.2","","±4,654","±0.4","±0.4","±0.2","±0.4","±0.3","±0.3","","(X)","(X)","(X)"
"    Median income (dollars)","","","","","","","","","","","","","","","","","","","","","","","","","","","","","","","","","","","",""
"        Estimate","","74,149","","82,638","58,657","54,127","92,457","56,756","58,273","70,072","62,493","83,652","","33,982","76,590","90,470","50,102","","89,416","86,833","91,230","108,757","47,700","59,173","","46,090","41,111","36,175","79,146","52,922","46,624","80,808","","(X)","(X)","(X)"
"        Margin of Error","","±395","","±517","±564","±5,544","±2,056","±18,836","±1,420","±2,560","±1,194","±509","","±1,155","±624","±726","±544","","±559","±810","±664","±534","±716","±1,325","","±404","±471","±501","±2,152","±620","±678","±1,429","","(X)","(X)","(X)"
"Massachusetts","","","","","","","","","","","","","","","","","","","","","","","","","","","","","","","","","","","",""
"    Total","","","","","","","","","","","","","","","","","","","","","","","","","","","","","","","","","","","",""
"        Estimate","","2,538,485","","83.7%","6.1%","0.2%","4.8%","0.0%","3.4%","1.8%","8.0%","79.8%","","2.9%","32.4%","41.4%","23.4%","","1,615,062","44.4%","55.6%","73.7%","19.9%","6.4%","","923,423","56.0%","46.0%","9.9%","44.0%","33.1%","10.9%","","31.0%","31.8%","28.3%"
"        Margin of Error","","±4,546","","±0.1","±0.1","±0.1","±0.1","±0.1","±0.1","±0.1","±0.1","±0.1","","±0.1","±0.1","±0.1","±0.1","","±6,687","±0.2","±0.2","±0.3","±0.3","±0.2","","±5,515","±0.3","±0.3","±0.2","±0.3","±0.3","±0.3","","(X)","(X)","(X)"
"    Median income (dollars)","","","","","","","","","","","","","","","","","","","","","","","","","","","","","","","","","","","",""
"        Estimate","","67,846","","72,181","42,895","36,701","77,889","81,103","32,154","48,977","34,870","73,949","","30,397","76,699","84,099","39,550","","86,132","87,580","85,272","104,231","38,143","55,451","","39,227","33,487","27,527","76,770","46,729","37,620","81,387","","(X)","(X)","(X)"
"        Margin of Error","","±387","","±353","±861","±4,298","±1,769","±23,441","±904","±2,632","±679","±395","","±1,091","±555","±678","±358","","±494","±913","±549","±547","±625","±974","","±397","±384","±385","±1,468","±609","±671","±1,237","","(X)","(X)","(X)"
"Michigan","","","","","","","","","","","","","","","","","","","","","","","","","","","","","","","","","","","",""
"    Total","","","","","","","","","","","","","","","","","","","","","","","","","","","","","","","","","","","",""
"        Estimate","","3,827,880","","81.8%","13.4%","0.5%","2.1%","0.0%","0.7%","1.4%","3.1%","79.7%","","4.1%","30.5%","41.2%","24.2%","","2,501,059","42.4%","57.6%","73.5%","19.6%","6.9%","","1,326,821","53.3%","45.9%","7.4%","46.7%","37.5%","9.2%","","28.6%","28.7%","27.0%"
"        Margin of Error","","±9,311","","±0.1","±0.1","±0.1","±0.1","±0.1","±0.1","±0.1","±0.1","±0.1","","±0.1","±0.1","±0.1","±0.1","","±8,359","±0.2","±0.2","±0.2","±0.2","±0.1","","±5,294","±0.2","±0.2","±0.2","±0.2","±0.2","±0.1","","(X)","(X)","(X)"
"    Median income (dollars)","","","","","","","","","","","","","","","","","","","","","","","","","","","","","","","","","","","",""
"        Estimate","","49,087","","52,395","29,628","37,217","73,809","47,147","38,363","36,180","38,757","52,740","","21,580","53,327","59,969","36,782","","61,684","59,940","62,708","74,199","28,602","40,457","","28,923","25,536","23,716","43,821","33,628","30,701","49,196","","(X)","(X)","(X)"
"        Margin of Error","","±192","","±175","±366","±1,826","±1,882","±13,315","±1,514","±1,212","±888","±190","","±394","±394","±328","±215","","±249","±524","±241","±279","±302","±491","","±175","±158","±182","±769","±305","±262","±866","","(X)","(X)","(X)"
"Minnesota","","","","","","","","","","","","","","","","","","","","","","","","","","","","","","","","","","","",""
"    Total","","","","","","","","","","","","","","","","","","","","","","","","","","","","","","","","","","","",""
"        Estimate","","2,115,337","","89.3%","4.5%","0.9%","3.0%","0.0%","0.9%","1.3%","3.0%","87.4%","","4.4%","34.0%","39.7%","21.9%","","1,372,311","45.4%","54.6%","78.7%","14.8%","6.5%","","743,026","52.6%","44.1%","8.6%","47.4%","36.3%","11.0%","","24.0%","23.7%","23.0%"
"        Margin of Error","","±5,381","","±0.1","±0.1","±0.1","±0.1","±0.1","±0.1","±0.1","±0.1","±0.1","","±0.1","±0.1","±0.1","±0.1","","±5,062","±0.2","±0.2","±0.3","±0.2","±0.2","","±3,642","±0.3","±0.3","±0.2","±0.3","±0.3","±0.2","","(X)","(X)","(X)"
"    Median income (dollars)","","","","","","","","","","","","","","","","","","","","","","","","","","","","","","","","","","","",""
"        Estimate","","60,828","","63,127","29,873","32,161","65,575","56,094","39,673","43,451","41,674","63,642","","28,656","68,028","74,820","38,446","","76,190","76,538","75,960","87,135","34,263","47,558","","35,157","30,522","26,694","58,877","40,836","35,156","66,348","","(X)","(X)","(X)"
"        Margin of Error","","±240","","±291","±959","±1,646","±1,551","±14,921","±1,846","±2,207","±984","±291","","±870","±543","±445","±333","","±333","±627","±322","±314","±538","±963","","±306","±343","±297","±1,302","±423","±414","±1,149","","(X)","(X)","(X)"
"Mississippi","","","","","","","","","","","","","","","","","","","","","","","","","","","","","","","","","","","",""
"    Total","","","","","","","","","","","","","","","","","","","","","","","","","","","","","","","","","","","",""
"        Estimate","","1,092,627","","62.8%","34.8%","0.4%","0.8%","0.0%","0.6%","0.7%","1.9%","61.7%","","3.9%","32.7%","39.8%","23.6%","","750,575","42.8%","57.2%","65.8%","26.9%","7.3%","","342,052","54.1%","48.7%","5.4%","45.9%","38.5%","7.4%","","32.7%","33.7%","28.7%"
"        Margin of Error","","±4,203","","±0.2","±0.2","±0.1","±0.1","±0.1","±0.1","±0.1","±0.1","±0.2","","±0.1","±0.2","±0.2","±0.1","","±4,113","±0.3","±0.3","±0.4","±0.3","±0.2","","±3,716","±0.5","±0.6","±0.3","±0.5","±0.5","±0.4","","(X)","(X)","(X)"
"    Median income (dollars)","","","","","","","","","","","","","","","","","","","","","","","","","","","","","","","","","","","",""
"        Estimate","","39,464","","48,738","26,384","36,379","51,584","18,846","34,671","33,695","38,802","48,960","","21,311","43,119","45,830","29,690","","49,125","44,717","51,624","63,949","23,593","36,732","","21,748","18,910","17,611","37,313","26,136","23,864","40,810","","(X)","(X)","(X)"
"        Margin of Error","","±306","","±468","±317","±5,505","±4,806","±36,115","±5,988","±2,921","±3,303","±474","","±937","±607","±543","±419","","±437","±795","±398","±479","±409","±978","","±263","±289","±320","±2,564","±510","±671","±1,721","","(X)","(X)","(X)"
"Missouri","","","","","","","","","","","","","","","","","","","","","","","","","","","","","","","","","","","",""
"    Total","","","","","","","","","","","","","","","","","","","","","","","","","","","","","","","","","","","",""
"        Estimate","","2,361,232","","85.0%","11.0%","0.4%","1.4%","0.1%","0.7%","1.4%","2.6%","83.3%","","4.8%","32.5%","39.1%","23.6%","","1,532,908","43.0%","57.0%","74.8%","18.6%","6.6%","","828,324","54.0%","46.5%","7.5%","46.0%","36.4%","9.5%","","28.6%","28.9%","26.6%"
"        Margin of Error","","±6,423","","±0.1","±0.1","±0.1","±0.1","±0.1","±0.1","±0.1","±0.1","±0.1","","±0.1","±0.1","±0.1","±0.1","","±6,280","±0.2","±0.2","±0.3","±0.2","±0.1","","±5,023","±0.3","±0.4","±0.2","±0.3","±0.3","±0.2","","(X)","(X)","(X)"
"    Median income (dollars)","","","","","","","","","","","","","","","","","","","","","","","","","","","","","","","","","","","",""
"        Estimate","","47,764","","50,655","31,831","35,855","61,162","35,976","31,350","37,293","38,431","50,811","","23,579","53,109","57,978","34,776","","60,414","57,983","61,915","71,613","29,153","40,739","","28,051","24,733","22,662","44,521","32,673","29,154","49,685","","(X)","(X)","(X)"
"        Margin of Error","","±234","","±223","±487","±4,300","±2,527","±9,576","±2,023","±1,510","±1,263","±223","","±484","±455","±420","±259","","±328","±623","±348","±342","±380","±818","","±263","±264","±239","±1,065","±433","±484","±1,059","","(X)","(X)","(X)"
"Montana","","","","","","","","","","","","","","","","","","","","","","","","","","","","","","","","","","","",""
"    Total","","","","","","","","","","","","","","","","","","","","","","","","","","","","","","","","","","","",""
"        Estimate","","407,797","","92.6%","0.3%","4.5%","0.6%","0.1%","0.3%","1.6%","2.2%","91.0%","","5.4%","29.5%","40.4%","24.7%","","256,008","40.5%","59.5%","79.0%","14.0%","7.0%","","151,789","50.4%","42.2%","8.2%","49.6%","39.0%","10.6%","","29.2%","29.2%","27.8%"
"        Margin of Error","","±1,827","","±0.2","±0.1","±0.1","±0.1","±0.1","±0.1","±0.1","±0.1","±0.2","","±0.2","±0.3","±0.3","±0.2","","±2,164","±0.4","±0.4","±0.5","±0.5","±0.3","","±1,982","±0.6","±0.6","±0.4","±0.6","±0.6","±0.6","","(X)","(X)","(X)"
"    Median income (dollars)","","","","","","","","","","","","","","","","","","","","","","","","","","","","","","","","","","","",""
"        Estimate","","46,766","","48,107","36,842","30,284","47,631","30,000","32,023","37,542","36,434","48,332","","25,992","52,540","55,064","35,632","","60,581","58,492","61,712","68,505","27,225","40,737","","27,657","24,342","22,005","42,397","32,186","27,964","50,863","","(X)","(X)","(X)"
"        Margin of Error","","±502","","±589","±15,211","±1,241","±4,426","±37,234","±3,477","±3,486","±1,680","±606","","±1,184","±870","±1,069","±774","","±695","±1,247","±766","±758","±908","±1,776","","±549","±455","±430","±2,700","±790","±1,067","±1,686","","(X)","(X)","(X)"
"Nebraska","","","","","","","","","","","","","","","","","","","","","","","","","","","","","","","","","","","",""
"    Total","","","","","","","","","","","","","","","","","","","","","","","","","","","","","","","","","","","",""
"        Estimate","","731,347","","90.9%","4.3%","0.6%","1.5%","0.1%","1.4%","1.2%","6.2%","86.4%","","6.2%","33.9%","37.4%","22.4%","","475,740","45.4%","54.6%","78.2%","15.3%","6.4%","","255,607","52.0%","44.4%","7.6%","48.0%","37.8%","10.2%","","24.7%","24.6%","23.7%"
"        Margin of Error","","±2,551","","±0.1","±0.1","±0.1","±0.1","±0.1","±0.1","±0.1","±0.1","±0.1","","±0.2","±0.2","±0.2","±0.1","","±2,739","±0.3","±0.3","±0.4","±0.3","±0.2","","±2,541","±0.5","±0.5","±0.3","±0.5","±0.5","±0.4","","(X)","(X)","(X)"
"    Median income (dollars)","","","","","","","","","","","","","","","","","","","","","","","","","","","","","","","","","","","",""
"        Estimate","","52,400","","54,303","28,376","26,879","51,551","43,839","40,862","39,139","39,328","55,369","","26,753","56,879","65,436","36,868","","66,188","63,135","68,120","76,521","30,340","42,605","","30,483","25,681","23,563","44,757","35,772","32,065","54,378","","(X)","(X)","(X)"
"        Margin of Error","","±334","","±354","±1,561","±3,000","±3,178","±13,954","±1,354","±2,937","±1,346","±401","","±751","±663","±641","±495","","±448","±921","±560","±453","±864","±1,192","","±323","±334","±331","±2,027","±616","±553","±1,721","","(X)","(X)","(X)"
"Nevada","","","","","","","","","","","","","","","","","","","","","","","","","","","","","","","","","","","",""
"    Total","","","","","","","","","","","","","","","","","","","","","","","","","","","","","","","","","","","",""
"        Estimate","","1,005,958","","75.3%","8.3%","1.0%","6.6%","0.5%","5.8%","2.6%","19.4%","62.6%","","4.0%","36.0%","38.7%","21.4%","","648,498","45.6%","54.4%","70.2%","20.1%","9.7%","","357,460","47.2%","37.9%","9.2%","52.8%","40.1%","12.7%","","31.8%","32.4%","28.6%"
"        Margin of Error","","±4,387","","±0.3","±0.1","±0.1","±0.1","±0.1","±0.2","±0.1","±0.2","±0.2","","±0.1","±0.2","±0.2","±0.2","","±4,690","±0.4","±0.4","±0.5","±0.4","±0.3","","±3,482","±0.5","±0.5","±0.3","±0.5","±0.5","±0.4","","(X)","(X)","(X)"
"    Median income (dollars)","","","","","","","","","","","","","","","","","","","","","","","","","","","","","","","","","","","",""
"        Estimate","","52,205","","54,736","37,269","42,555","60,168","45,921","42,351","50,799","43,255","57,399","","31,410","54,451","60,175","41,382","","61,081","53,900","65,843","72,566","34,935","45,629","","35,054","30,941","26,996","54,204","39,391","33,783","60,900","","(X)","(X)","(X)"
"        Margin of Error","","±302","","±455","±1,269","±3,675","±1,757","±2,306","±1,147","±1,825","±603","±576","","±999","±603","±642","±599","","±485","±784","±718","±737","±708","±1,267","","±559","±496","±586","±2,991","±824","±754","±1,669","","(X)","(X)","(X)"
"New Hampshire","","","","","","","","","","","","","","","","","","","","","","","","","","","","","","","","","","","",""
"    Total","","","","","","","","","","","","","","","","","","","","","","","","","","","","","","","","","","","",""
"        Estimate","","519,580","","95.4%","1.0%","0.2%","1.8%","0.0%","0.4%","1.2%","2.1%","93.9%","","3.1%","29.6%","44.6%","22.7%","","347,228","41.4%","58.6%","79.2%","14.4%","6.4%","","172,352","53.0%","42.1%","10.9%","47.0%","34.5%","12.5%","","26.9%","27.0%","24.9%"
"        Margin of Error","","±2,032","","±0.1","±0.1","±0.1","±0.1","±0.1","±0.1","±0.1","±0.1","±0.1","","±0.2","±0.2","±0.2","±0.2","","±2,278","±0.4","±0.4","±0.5","±0.4","±0.4","","±2,023","±0.7","±0.8","±0.5","±0.7","±0.8","±0.6","","(X)","(X)","(X)"
"    Median income (dollars)","","","","","","","","","","","","","","","","","","","","","","","","","","","","","","","","","","","",""
"        Estimate","","65,986","","66,212","49,815","36,298","78,339","128,807","51,169","49,325","48,670","66,460","","34,016","73,372","79,429","41,786","","80,812","81,832","80,078","91,617","38,827","51,386","","37,473","32,286","26,485","64,466","43,460","36,346","67,465","","(X)","(X)","(X)"
"        Margin of Error","","±546","","±558","±3,669","±18,183","±5,616","±45,486","±18,026","±5,891","±4,592","±565","","±2,184","±1,287","±1,112","±767","","±665","±1,093","±830","±804","±1,218","±2,085","","±775","±678","±579","±2,920","±1,038","±1,330","±2,230","","(X)","(X)","(X)"
"New Jersey","","","","","","","","","","","","","","","","","","","","","","","","","","","","","","","","","","","",""
"    Total","","","","","","","","","","","","","","","","","","","","","","","","","","","","","","","","","","","",""
"        Estimate","","3,188,498","","72.6%","13.2%","0.2%","7.5%","0.0%","4.9%","1.6%","14.7%","63.8%","","1.8%","32.0%","42.7%","23.6%","","2,208,075","45.4%","54.6%","73.5%","19.5%","7.0%","","980,423","56.2%","49.2%","7.0%","43.8%","34.8%","9.1%","","32.7%","33.4%","29.3%"
"        Margin of Error","","±6,117","","±0.1","±0.1","±0.1","±0.1","±0.1","±0.1","±0.1","±0.1","±0.1","","±0.1","±0.1","±0.1","±0.1","","±6,757","±0.2","±0.2","±0.2","±0.2","±0.1","","±5,127","±0.3","±0.3","±0.2","±0.3","±0.3","±0.2","","(X)","(X)","(X)"
"    Median income (dollars)","","","","","","","","","","","","","","","","","","","","","","","","","","","","","","","","","","","",""
"        Estimate","","72,062","","77,446","46,640","36,663","103,101","74,375","45,137","59,161","49,097","81,644","","32,789","77,813","88,136","44,740","","87,999","88,627","87,592","106,425","42,555","56,701","","40,065","33,700","30,000","77,172","49,262","42,131","84,148","","(X)","(X)","(X)"
"        Margin of Error","","±330","","±401","±603","±6,017","±987","±15,818","±816","±2,274","±775","±335","","±1,138","±657","±634","±359","","±513","±894","±549","±542","±623","±1,199","","±363","±440","±378","±1,948","±710","±607","±1,778","","(X)","(X)","(X)"
"New Mexico","","","","","","","","","","","","","","","","","","","","","","","","","","","","","","","","","","","",""
"    Total","","","","","","","","","","","","","","","","","","","","","","","","","","","","","","","","","","","",""
"        Estimate","","764,684","","78.0%","2.0%","6.5%","1.2%","0.0%","10.0%","2.2%","40.1%","49.3%","","4.8%","31.1%","39.9%","24.2%","","498,137","43.3%","56.7%","69.6%","21.6%","8.8%","","266,547","52.2%","44.4%","7.7%","47.8%","38.4%","9.4%","","29.7%","30.9%","25.9%"
"        Margin of Error","","±2,848","","±0.3","±0.1","±0.1","±0.1","±0.1","±0.2","±0.1","±0.2","±0.2","","±0.2","±0.2","±0.3","±0.2","","±3,349","±0.4","±0.4","±0.5","±0.5","±0.3","","±3,268","±0.6","±0.7","±0.4","±0.6","±0.6","±0.4","","(X)","(X)","(X)"
"    Median income (dollars)","","","","","","","","","","","","","","","","","","","","","","","","","","","","","","","","","","","",""
"        Estimate","","44,968","","47,835","40,960","31,562","58,744","39,732","34,423","40,821","37,184","54,464","","24,129","46,863","54,190","36,439","","54,801","46,697","60,464","68,452","27,289","39,159","","28,122","25,650","22,863","45,924","31,389","27,282","51,398","","(X)","(X)","(X)"
"        Margin of Error","","±419","","±573","±2,955","±915","±4,559","±37,359","±1,124","±3,214","±664","±662","","±794","±813","±701","±600","","±636","±1,084","±801","±932","±728","±1,453","","±526","±505","±648","±2,672","±627","±524","±2,938","","(X)","(X)","(X)"
"New York","","","","","","","","","","","","","","","","","","","","","","","","","","","","","","","","","","","",""
"    Total","","","","","","","","","","","","","","","","","","","","","","","","","","","","","","","","","","","",""
"        Estimate","","7,255,528","","70.0%","14.7%","0.4%","6.5%","0.0%","6.6%","1.9%","14.6%","63.5%","","2.9%","32.9%","41.0%","23.3%","","4,636,017","43.9%","56.1%","69.0%","23.2%","7.7%","","2,619,511","55.4%","47.1%","8.3%","44.6%","34.7%","9.9%","","34.9%","36.8%","30.0%"
"        Margin of Error","","±10,898","","±0.1","±0.1","±0.1","±0.1","±0.1","±0.1","±0.1","±0.1","±0.1","","±0.1","±0.1","±0.1","±0.1","","±11,735","±0.1","±0.1","±0.2","±0.1","±0.1","","±8,927","±0.2","±0.2","±0.1","±0.2","±0.2","±0.1","","(X)","(X)","(X)"
"    Median income (dollars)","","","","","","","","","","","","","","","","","","","","","","","","","","","","","","","","","","","",""
"        Estimate","","58,687","","65,667","41,598","36,669","62,420","42,240","36,694","49,102","40,814","67,485","","27,968","65,396","70,383","38,136","","71,419","66,830","74,243","89,448","36,223","50,343","","36,679","31,607","27,216","70,054","43,235","36,572","75,175","","(X)","(X)","(X)"
"        Margin of Error","","±207","","±203","±339","±2,183","±868","±11,257","±464","±1,218","±358","±240","","±789","±358","±309","±216","","±280","±489","±303","±355","±261","±604","","±180","±194","±186","±1,232","±346","±303","±1,008","","(X)","(X)","(X)"
"North Carolina","","","","","","","","","","","","","","","","","","","","","","","","","","","","","","","","","","","",""
"    Total","","","","","","","","","","","","","","","","","","","","","","","","","","","","","","","","","","","",""
"        Estimate","","3,742,514","","72.9%","21.0%","1.0%","1.9%","0.0%","1.9%","1.3%","5.7%","69.5%","","4.4%","34.2%","38.9%","22.6%","","2,484,973","43.4%","56.6%","72.6%","20.7%","6.7%","","1,257,541","55.2%","47.7%","7.5%","44.8%","35.3%","9.5%","","28.4%","29.0%","26.1%"
"        Margin of Error","","±9,967","","±0.1","±0.1","±0.1","±0.1","±0.1","±0.1","±0.1","±0.1","±0.1","","±0.1","±0.1","±0.1","±0.1","","±10,060","±0.2","±0.2","±0.2","±0.2","±0.1","","±6,761","±0.3","±0.3","±0.1","±0.3","±0.3","±0.2","","(X)","(X)","(X)"
"    Median income (dollars)","","","","","","","","","","","","","","","","","","","","","","","","","","","","","","","","","","","",""
"        Estimate","","46,693","","51,958","32,930","31,471","67,138","49,278","32,177","38,158","34,938","52,875","","24,189","50,435","55,313","35,024","","57,328","53,550","59,721","71,000","27,650","35,984","","28,643","25,373","23,282","44,467","32,954","29,649","50,075","","(X)","(X)","(X)"
"        Margin of Error","","±191","","±215","±293","±1,096","±2,128","±12,693","±886","±1,362","±675","±235","","±620","±368","±412","±262","","±290","±579","±309","±311","±372","±604","","±223","±213","±235","±1,071","±368","±406","±1,118","","(X)","(X)","(X)"
"North Dakota","","","","","","","","","","","","","","","","","","","","","","","","","","","","","","","","","","","",""
"    Total","","","","","","","","","","","","","","","","","","","","","","","","","","","","","","","","","","","",""
"        Estimate","","292,616","","92.3%","1.3%","3.8%","0.9%","0.0%","0.5%","1.1%","1.7%","91.3%","","9.3%","32.5%","36.2%","22.0%","","178,003","43.6%","56.4%","80.6%","12.9%","6.5%","","114,613","46.9%","38.8%","8.1%","53.1%","40.8%","12.3%","","27.7%","27.1%","27.5%"
"        Margin of Error","","±1,578","","±0.2","±0.1","±0.1","±0.1","±0.1","±0.1","±0.1","±0.1","±0.2","","±0.3","±0.3","±0.3","±0.2","","±1,502","±0.5","±0.5","±0.6","±0.5","±0.4","","±1,515","±0.7","±0.8","±0.6","±0.7","±0.9","±0.7","","(X)","(X)","(X)"
"    Median income (dollars)","","","","","","","","","","","","","","","","","","","","","","","","","","","","","","","","","","","",""
"        Estimate","","55,579","","57,619","29,012","29,857","44,537","53,667","53,073","39,351","42,932","57,825","","30,154","65,189","71,105","35,087","","72,770","71,072","73,959","82,236","29,720","51,366","","32,577","27,026","23,938","49,172","38,872","33,943","63,233","","(X)","(X)","(X)"
"        Margin of Error","","±753","","±821","±2,162","±2,049","±12,879","±44,233","±10,523","±6,669","±3,880","±829","","±1,562","±1,279","±1,206","±807","","±945","±1,310","±1,002","±949","±1,280","±2,093","","±566","±658","±705","±4,027","±1,024","±895","±2,639","","(X)","(X)","(X)"
"Ohio","","","","","","","","","","","","","","","","","","","","","","","","","","","","","","","","","","","",""
"    Total","","","","","","","","","","","","","","","","","","","","","","","","","","","","","","","","","","","",""
"        Estimate","","4,570,015","","84.3%","12.1%","0.2%","1.5%","0.0%","0.6%","1.3%","2.3%","82.8%","","4.2%","31.6%","40.3%","23.9%","","2,944,097","42.7%","57.3%","73.1%","20.0%","6.9%","","1,625,918","53.9%","46.7%","7.2%","46.1%","37.1%","9.0%","","27.1%","27.3%","25.4%"
"        Margin of Error","","±10,810","","±0.1","±0.1","±0.1","±0.1","±0.1","±0.1","±0.1","±0.1","±0.1","","±0.1","±0.1","±0.1","±0.1","","±9,414","±0.2","±0.2","±0.2","±0.2","±0.1","","±6,249","±0.2","±0.2","±0.1","±0.2","±0.2","±0.2","","(X)","(X)","(X)"
"    Median income (dollars)","","","","","","","","","","","","","","","","","","","","","","","","","","","","","","","","","","","",""
"        Estimate","","48,849","","52,251","27,909","32,551","69,172","56,389","35,695","35,360","37,644","52,464","","21,759","53,889","60,154","35,190","","62,104","59,491","63,640","75,214","28,060","41,426","","28,537","25,180","23,156","46,906","33,202","29,862","53,251","","(X)","(X)","(X)"
"        Margin of Error","","±162","","±159","±427","±2,286","±2,164","±23,882","±1,372","±1,125","±894","±163","","±425","±351","±321","±199","","±250","±621","±253","±284","±315","±585","","±171","±179","±184","±940","±282","±304","±806","","(X)","(X)","(X)"
"Oklahoma","","","","","","","","","","","","","","","","","","","","","","","","","","","","","","","","","","","",""
"    Total","","","","","","","","","","","","","","","","","","","","","","","","","","","","","","","","","","","",""
"        Estimate","","1,450,117","","77.8%","7.1%","6.2%","1.5%","0.1%","1.8%","5.5%","6.2%","74.1%","","5.8%","33.4%","37.5%","23.3%","","964,329","44.0%","56.0%","74.0%","18.7%","7.3%","","485,788","52.5%","45.7%","6.8%","47.5%","38.2%","9.4%","","29.6%","30.0%","27.3%"
"        Margin of Error","","±3,649","","±0.2","±0.1","±0.1","±0.1","±0.1","±0.1","±0.1","±0.1","±0.1","","±0.1","±0.1","±0.1","±0.1","","±3,750","±0.2","±0.2","±0.3","±0.3","±0.2","","±2,990","±0.4","±0.4","±0.2","±0.4","±0.4","±0.3","","(X)","(X)","(X)"
"    Median income (dollars)","","","","","","","","","","","","","","","","","","","","","","","","","","","","","","","","","","","",""
"        Estimate","","46,235","","49,409","30,484","38,734","52,833","38,343","37,473","40,441","37,552","50,201","","25,946","50,585","55,848","34,720","","57,299","52,275","60,818","68,248","27,276","40,709","","27,093","23,622","21,820","42,842","31,756","28,707","48,815","","(X)","(X)","(X)"
"        Margin of Error","","±201","","±262","±646","±730","±2,296","±6,130","±974","±862","±668","±245","","±464","±422","±371","±320","","±325","±490","±358","±413","±349","±752","","±215","±285","±247","±1,340","±358","±510","±2,016","","(X)","(X)","(X)"
"Oregon","","","","","","","","","","","","","","","","","","","","","","","","","","","","","","","","","","","",""
"    Total","","","","","","","","","","","","","","","","","","","","","","","","","","","","","","","","","","","",""
"        Estimate","","1,522,988","","89.0%","1.6%","1.1%","3.2%","0.3%","2.3%","2.6%","7.7%","84.1%","","4.6%","32.7%","38.7%","24.0%","","966,150","42.5%","57.5%","76.2%","16.7%","7.1%","","556,838","53.8%","43.0%","10.8%","46.2%","33.4%","12.8%","","24.5%","24.3%","22.8%"
"        Margin of Error","","±4,103","","±0.1","±0.1","±0.1","±0.1","±0.1","±0.1","±0.1","±0.1","±0.1","","±0.1","±0.1","±0.2","±0.1","","±4,307","±0.3","±0.3","±0.3","±0.3","±0.2","","±3,733","±0.4","±0.5","±0.3","±0.4","±0.4","±0.3","","(X)","(X)","(X)"
"    Median income (dollars)","","","","","","","","","","","","","","","","","","","","","","","","","","","","","","","","","","","",""
"        Estimate","","50,521","","51,397","33,505","36,332","62,398","37,730","38,148","42,710","39,723","52,100","","23,345","54,740","60,785","38,519","","61,890","56,660","65,020","72,497","29,841","41,472","","31,435","28,927","25,168","50,499","34,945","28,991","53,327","","(X)","(X)","(X)"
"        Margin of Error","","±266","","±270","±2,565","±2,239","±2,373","±5,399","±1,348","±2,102","±810","±277","","±876","±707","±515","±410","","±394","±784","±485","±514","±805","±953","","±313","±377","±347","±1,129","±601","±640","±2,069","","(X)","(X)","(X)"
"Pennsylvania","","","","","","","","","","","","","","","","","","","","","","","","","","","","","","","","","","","",""
"    Total","","","","","","","","","","","","","","","","","","","","","","","","","","","","","","","","","","","",""
"        Estimate","","4,957,736","","85.1%","9.9%","0.2%","2.3%","0.0%","1.4%","1.1%","4.3%","82.7%","","3.2%","30.2%","40.9%","25.7%","","3,203,939","40.6%","59.4%","74.7%","18.5%","6.7%","","1,753,797","55.2%","47.7%","7.4%","44.8%","35.8%","9.0%","","29.4%","29.6%","27.8%"
"        Margin of Error","","±9,670","","±0.1","±0.1","±0.1","±0.1","±0.1","±0.1","±0.1","±0.1","±0.1","","±0.1","±0.1","±0.1","±0.1","","±10,412","±0.2","±0.2","±0.2","±0.1","±0.1","","±7,121","±0.2","±0.2","±0.1","±0.2","±0.2","±0.2","","(X)","(X)","(X)"
"    Median income (dollars)","","","","","","","","","","","","","","","","","","","","","","","","","","","","","","","","","","","",""
"        Estimate","","53,115","","56,327","32,606","34,103","65,319","39,831","30,604","37,642","34,491","56,875","","24,552","60,435","65,855","34,938","","67,521","67,296","67,657","80,207","32,836","46,526","","30,032","25,572","23,167","53,772","36,165","31,941","59,955","","(X)","(X)","(X)"
"        Margin of Error","","±159","","±175","±363","±3,888","±1,377","±6,302","±988","±1,447","±735","±179","","±569","±326","±274","±206","","±276","±506","±264","±256","±315","±543","","±179","±171","±178","±927","±305","±232","±1,024","","(X)","(X)","(X)"
"Rhode Island","","","","","","","","","","","","","","","","","","","","","","","","","","","","","","","","","","","",""
"    Total","","","","","","","","","","","","","","","","","","","","","","","","","","","","","","","","","","","",""
"        Estimate","","409,569","","85.6%","5.4%","0.4%","2.3%","0.0%","4.6%","1.6%","9.7%","81.0%","","3.8%","30.8%","41.5%","23.9%","","256,036","42.8%","57.2%","70.3%","22.2%","7.5%","","153,533","54.9%","46.4%","8.4%","45.1%","34.3%","10.9%","","32.2%","32.3%","30.8%"
"        Margin of Error","","±1,699","","±0.3","±0.2","±0.1","±0.1","±0.1","±0.2","±0.1","±0.2","±0.3","","±0.2","±0.3","±0.3","±0.3","","±2,155","±0.5","±0.5","±0.6","±0.6","±0.4","","±1,956","±0.8","±0.8","±0.5","±0.8","±0.9","±0.6","","(X)","(X)","(X)"
"    Median income (dollars)","","","","","","","","","","","","","","","","","","","","","","","","","","","","","","","","","","","",""
"        Estimate","","56,423","","61,002","33,969","25,641","54,070","19,318","31,719","38,202","30,827","62,747","","25,626","60,853","71,397","36,972","","73,217","67,119","76,376","90,154","34,373","49,165","","32,619","27,250","23,528","58,117","40,464","34,289","65,614","","(X)","(X)","(X)"
"        Margin of Error","","±679","","±674","±1,656","±6,633","±3,491","±12,704","±2,574","±4,828","±1,650","±705","","±1,661","±1,342","±1,164","±997","","±960","±1,862","±1,077","±1,176","±1,290","±2,569","","±796","±967","±826","±3,269","±1,097","±1,395","±3,996","","(X)","(X)","(X)"
"South Carolina","","","","","","","","","","","","","","","","","","","","","","","","","","","","","","","","","","","",""
"    Total","","","","","","","","","","","","","","","","","","","","","","","","","","","","","","","","","","","",""
"        Estimate","","1,795,715","","70.4%","26.1%","0.3%","1.1%","0.0%","1.0%","1.0%","3.5%","68.2%","","4.3%","31.8%","39.6%","24.3%","","1,204,272","40.8%","59.2%","70.5%","22.7%","6.8%","","591,443","54.4%","47.5%","6.9%","45.6%","36.8%","8.8%","","31.8%","32.3%","29.5%"
"        Margin of Error","","±5,585","","±0.2","±0.1","±0.1","±0.1","±0.1","±0.1","±0.1","±0.1","±0.2","","±0.1","±0.2","±0.1","±0.1","","±5,711","±0.3","±0.3","±0.3","±0.3","±0.2","","±4,433","±0.4","±0.5","±0.2","±0.4","±0.4","±0.3","","(X)","(X)","(X)"
"    Median income (dollars)","","","","","","","","","","","","","","","","","","","","","","","","","","","","","","","","","","","",""
"        Estimate","","45,033","","52,089","29,971","31,972","54,865","31,531","34,798","38,191","36,646","52,480","","22,083","48,649","52,814","35,552","","55,506","51,388","58,035","69,710","26,218","37,708","","26,593","23,474","21,702","41,185","31,420","28,128","48,801","","(X)","(X)","(X)"
"        Margin of Error","","±249","","±271","±330","±2,858","±2,795","±2,015","±1,818","±2,335","±1,236","±288","","±654","±586","±484","±298","","±413","±635","±467","±479","±340","±1,087","","±293","±386","±384","±1,670","±508","±699","±1,404","","(X)","(X)","(X)"
"South Dakota","","","","","","","","","","","","","","","","","","","","","","","","","","","","","","","","","","","",""
"    Total","","","","","","","","","","","","","","","","","","","","","","","","","","","","","","","","","","","",""
"        Estimate","","327,101","","90.6%","1.2%","5.5%","0.8%","0.0%","0.6%","1.3%","2.0%","89.4%","","6.2%","32.2%","38.3%","23.3%","","210,795","43.8%","56.2%","78.0%","14.9%","7.1%","","116,306","50.2%","43.1%","7.1%","49.8%","39.8%","10.1%","","24.4%","24.5%","23.3%"
"        Margin of Error","","±1,655","","±0.2","±0.1","±0.2","±0.1","±0.1","±0.1","±0.1","±0.1","±0.2","","±0.2","±0.3","±0.3","±0.2","","±1,828","±0.5","±0.5","±0.5","±0.5","±0.3","","±1,679","±0.7","±0.7","±0.5","±0.7","±0.7","±0.7","","(X)","(X)","(X)"
"    Median income (dollars)","","","","","","","","","","","","","","","","","","","","","","","","","","","","","","","","","","","",""
"        Estimate","","50,338","","52,535","33,516","25,438","47,094","39,821","35,921","40,598","38,767","52,766","","27,940","55,935","62,353","34,828","","64,636","61,765","66,491","74,796","27,964","40,350","","29,688","24,603","22,733","44,579","34,756","31,524","55,026","","(X)","(X)","(X)"
"        Margin of Error","","±436","","±475","±3,881","±1,161","±3,390","±34,123","±8,508","±4,735","±5,063","±489","","±1,707","±1,026","±936","±781","","±610","±1,165","±774","±548","±1,034","±1,406","","±565","±552","±527","±2,013","±728","±644","±2,176","","(X)","(X)","(X)"
"Tennessee","","","","","","","","","","","","","","","","","","","","","","","","","","","","","","","","","","","",""
"    Total","","","","","","","","","","","","","","","","","","","","","","","","","","","","","","","","","","","",""
"        Estimate","","2,487,349","","80.5%","15.7%","0.3%","1.2%","0.0%","1.0%","1.2%","3.2%","78.5%","","4.4%","33.1%","39.4%","23.2%","","1,658,171","41.7%","58.3%","73.1%","20.2%","6.7%","","829,178","54.3%","47.3%","7.1%","45.7%","37.1%","8.6%","","29.0%","29.5%","26.7%"
"        Margin of Error","","±6,925","","±0.1","±0.1","±0.1","±0.1","±0.1","±0.1","±0.1","±0.1","±0.1","","±0.1","±0.1","±0.1","±0.1","","±7,380","±0.2","±0.2","±0.3","±0.2","±0.2","","±5,291","±0.4","±0.4","±0.2","±0.4","±0.4","±0.3","","(X)","(X)","(X)"
"    Median income (dollars)","","","","","","","","","","","","","","","","","","","","","","","","","","","","","","","","","","","",""
"        Estimate","","44,621","","47,658","32,361","37,160","66,243","44,540","31,393","33,366","34,631","48,023","","22,607","48,825","53,148","33,548","","55,459","52,097","57,582","67,324","26,829","37,149","","26,489","23,506","21,634","42,203","30,728","27,493","47,365","","(X)","(X)","(X)"
"        Margin of Error","","±206","","±271","±377","±4,650","±1,903","±8,087","±1,265","±1,564","±1,050","±271","","±653","±508","±405","±315","","±309","±450","±363","±329","±302","±663","","±190","±254","±214","±1,365","±337","±404","±1,423","","(X)","(X)","(X)"
"Texas","","","","","","","","","","","","","","","","","","","","","","","","","","","","","","","","","","","",""
"    Total","","","","","","","","","","","","","","","","","","","","","","","","","","","","","","","","","","","",""
"        Estimate","","9,013,582","","76.7%","12.3%","0.5%","3.7%","0.1%","5.1%","1.7%","30.0%","52.7%","","5.0%","37.9%","38.1%","18.9%","","6,277,955","48.4%","51.6%","72.1%","20.6%","7.3%","","2,735,627","51.5%","43.9%","7.6%","48.5%","38.3%","10.3%","","30.0%","31.0%","26.1%"
"        Margin of Error","","±16,898","","±0.1","±0.1","±0.1","±0.1","±0.1","±0.1","±0.1","±0.1","±0.1","","±0.1","±0.1","±0.1","±0.1","","±17,304","±0.2","±0.2","±0.2","±0.1","±0.1","","±10,406","±0.2","±0.3","±0.1","±0.2","±0.2","±0.2","","(X)","(X)","(X)"
"    Median income (dollars)","","","","","","","","","","","","","","","","","","","","","","","","","","","","","","","","","","","",""
"        Estimate","","52,576","","55,782","38,709","46,301","73,999","52,851","38,426","48,217","40,557","64,875","","26,239","55,494","63,808","37,847","","61,958","56,373","66,525","76,626","30,367","43,593","","33,011","28,293","25,585","50,718","38,788","34,479","57,027","","(X)","(X)","(X)"
"        Margin of Error","","±147","","±172","±345","±1,793","±921","±5,883","±412","±1,151","±205","±190","","±353","±252","±284","±205","","±225","±348","±257","±265","±213","±508","","±223","±246","±186","±778","±341","±317","±645","","(X)","(X)","(X)"
"Utah","","","","","","","","","","","","","","","","","","","","","","","","","","","","","","","","","","","",""
"    Total","","","","","","","","","","","","","","","","","","","","","","","","","","","","","","","","","","","",""
"        Estimate","","896,194","","90.8%","0.9%","1.0%","2.0%","0.6%","3.3%","1.3%","10.2%","84.4%","","6.2%","41.0%","34.3%","18.5%","","673,441","52.0%","48.0%","81.6%","12.8%","5.6%","","222,753","51.3%","41.7%","9.6%","48.7%","36.5%","12.1%","","26.3%","25.6%","26.1%"
"        Margin of Error","","±2,411","","±0.2","±0.1","±0.1","±0.1","±0.1","±0.1","±0.1","±0.1","±0.2","","±0.2","±0.2","±0.2","±0.1","","±3,479","±0.3","±0.3","±0.4","±0.3","±0.2","","±2,347","±0.6","±0.6","±0.4","±0.6","±0.7","±0.5","","(X)","(X)","(X)"
"    Median income (dollars)","","","","","","","","","","","","","","","","","","","","","","","","","","","","","","","","","","","",""
"        Estimate","","59,846","","61,396","39,915","33,113","60,046","51,265","40,938","48,434","42,155","62,817","","31,012","61,895","74,778","44,070","","67,612","65,830","69,992","75,007","35,434","48,461","","33,595","28,604","25,514","50,399","39,283","34,741","55,410","","(X)","(X)","(X)"
"        Margin of Error","","±392","","±343","±4,238","±2,818","±2,213","±3,686","±1,487","±2,724","±1,008","±368","","±966","±487","±765","±629","","±496","±613","±558","±462","±777","±1,521","","±549","±708","±593","±2,356","±925","±864","±2,059","","(X)","(X)","(X)"
"Vermont","","","","","","","","","","","","","","","","","","","","","","","","","","","","","","","","","","","",""
"    Total","","","","","","","","","","","","","","","","","","","","","","","","","","","","","","","","","","","",""
"        Estimate","","257,252","","96.7%","0.7%","0.4%","0.9%","0.0%","0.1%","1.2%","1.0%","95.9%","","4.1%","28.4%","43.3%","24.2%","","160,872","40.4%","59.6%","78.7%","14.8%","6.6%","","96,380","54.3%","43.2%","11.1%","45.7%","33.0%","12.7%","","25.6%","25.1%","24.6%"
"        Margin of Error","","±1,155","","±0.1","±0.1","±0.1","±0.1","±0.1","±0.1","±0.1","±0.1","±0.1","","±0.2","±0.3","±0.3","±0.2","","±1,526","±0.5","±0.5","±0.6","±0.5","±0.3","","±1,511","±0.7","±0.8","±0.5","±0.7","±0.8","±0.6","","(X)","(X)","(X)"
"    Median income (dollars)","","","","","","","","","","","","","","","","","","","","","","","","","","","","","","","","","","","",""
"        Estimate","","54,447","","54,661","54,531","36,530","55,417","-","55,586","43,119","50,410","54,682","","29,336","61,124","64,582","36,952","","68,787","65,941","70,540","79,099","31,221","41,788","","32,292","28,747","24,518","55,933","36,346","30,629","57,447","","(X)","(X)","(X)"
"        Margin of Error","","±555","","±578","±8,461","±6,272","±9,463","**","±8,049","±5,607","±6,894","±584","","±3,017","±1,001","±1,045","±776","","±826","±1,363","±983","±793","±873","±1,705","","±643","±826","±739","±3,573","±1,046","±1,049","±2,038","","(X)","(X)","(X)"
"Virginia","","","","","","","","","","","","","","","","","","","","","","","","","","","","","","","","","","","",""
"    Total","","","","","","","","","","","","","","","","","","","","","","","","","","","","","","","","","","","",""
"        Estimate","","3,041,710","","73.2%","18.6%","0.3%","4.7%","0.1%","1.5%","1.8%","5.7%","69.4%","","3.8%","34.5%","40.2%","21.5%","","2,047,106","44.0%","56.0%","75.3%","18.4%","6.3%","","994,604","54.7%","46.2%","8.5%","45.3%","34.9%","10.4%","","27.7%","27.9%","25.8%"
"        Margin of Error","","±9,225","","±0.1","±0.1","±0.1","±0.1","±0.1","±0.1","±0.1","±0.1","±0.1","","±0.1","±0.1","±0.1","±0.1","","±8,624","±0.2","±0.2","±0.2","±0.2","±0.1","","±5,459","±0.3","±0.3","±0.2","±0.3","±0.3","±0.2","","(X)","(X)","(X)"
"    Median income (dollars)","","","","","","","","","","","","","","","","","","","","","","","","","","","","","","","","","","","",""
"        Estimate","","64,792","","69,851","44,288","54,801","94,223","95,446","54,333","65,164","60,459","70,309","","30,558","70,181","78,740","44,048","","77,939","76,610","78,854","93,019","36,908","51,568","","39,930","34,433","30,912","63,764","46,794","41,597","70,425","","(X)","(X)","(X)"
"        Margin of Error","","±274","","±366","±463","±4,412","±1,645","±26,366","±2,088","±2,383","±901","±322","","±813","±512","±460","±347","","±405","±664","±434","±417","±528","±959","","±313","±432","±359","±1,606","±463","±405","±1,719","","(X)","(X)","(X)"
"Washington","","","","","","","","","","","","","","","","","","","","","","","","","","","","","","","","","","","",""
"    Total","","","","","","","","","","","","","","","","","","","","","","","","","","","","","","","","","","","",""
"        Estimate","","2,645,396","","83.0%","3.5%","1.2%","6.4%","0.4%","2.5%","3.0%","7.7%","78.4%","","4.5%","34.8%","39.3%","21.4%","","1,705,647","44.5%","55.5%","77.1%","16.0%","6.9%","","939,749","51.6%","42.1%","9.6%","48.4%","36.1%","12.2%","","24.3%","24.4%","22.3%"
"        Margin of Error","","±5,534","","±0.1","±0.1","±0.1","±0.1","±0.1","±0.1","±0.1","±0.1","±0.1","","±0.1","±0.1","±0.1","±0.1","","±6,862","±0.2","±0.2","±0.3","±0.2","±0.2","","±4,943","±0.3","±0.3","±0.2","±0.3","±0.3","±0.3","","(X)","(X)","(X)"
"    Median income (dollars)","","","","","","","","","","","","","","","","","","","","","","","","","","","","","","","","","","","",""
"        Estimate","","60,294","","61,732","42,120","40,218","72,430","53,904","39,321","52,702","42,945","62,818","","29,556","65,189","72,872","42,749","","73,039","68,794","75,939","84,765","34,612","48,994","","37,640","32,738","28,894","58,866","43,837","38,150","65,055","","(X)","(X)","(X)"
"        Margin of Error","","±265","","±277","±1,091","±1,428","±1,445","±4,029","±869","±1,407","±612","±318","","±856","±489","±510","±298","","±460","±894","±437","±405","±530","±1,078","","±295","±349","±357","±1,227","±464","±518","±1,174","","(X)","(X)","(X)"
"West Virginia","","","","","","","","","","","","","","","","","","","","","","","","","","","","","","","","","","","",""
"    Total","","","","","","","","","","","","","","","","","","","","","","","","","","","","","","","","","","","",""
"        Estimate","","742,359","","95.0%","2.9%","0.2%","0.6%","0.0%","0.1%","1.2%","0.9%","94.3%","","4.1%","28.3%","40.5%","27.1%","","481,812","37.1%","62.9%","75.8%","17.4%","6.8%","","260,547","53.7%","47.2%","6.5%","46.3%","38.0%","8.3%","","30.6%","30.8%","28.8%"
"        Margin of Error","","±2,723","","±0.1","±0.1","±0.1","±0.1","±0.1","±0.1","±0.1","±0.1","±0.1","","±0.2","±0.2","±0.2","±0.2","","±3,370","±0.4","±0.4","±0.5","±0.4","±0.2","","±2,689","±0.6","±0.6","±0.3","±0.6","±0.5","±0.4","","(X)","(X)","(X)"
"    Median income (dollars)","","","","","","","","","","","","","","","","","","","","","","","","","","","","","","","","","","","",""
"        Estimate","","41,576","","42,140","28,993","23,117","51,842","35,592","35,855","32,023","40,751","42,123","","20,057","48,823","49,530","30,724","","52,875","52,485","53,083","62,061","24,876","38,249","","22,590","20,335","19,123","38,442","26,766","24,415","42,730","","(X)","(X)","(X)"
"        Margin of Error","","±355","","±367","±1,845","±5,716","±5,248","±23,941","±10,283","±1,925","±5,091","±362","","±1,261","±912","±724","±403","","±504","±1,060","±624","±530","±714","±1,951","","±337","±335","±324","±1,745","±446","±570","±2,750","","(X)","(X)","(X)"
"Wisconsin","","","","","","","","","","","","","","","","","","","","","","","","","","","","","","","","","","","",""
"    Total","","","","","","","","","","","","","","","","","","","","","","","","","","","","","","","","","","","",""
"        Estimate","","2,293,250","","90.0%","5.4%","0.8%","1.7%","0.0%","1.1%","1.1%","3.9%","87.4%","","4.8%","32.2%","40.1%","22.9%","","1,469,359","43.4%","56.6%","77.4%","15.7%","6.9%","","823,891","52.5%","43.8%","8.7%","47.5%","36.8%","10.7%","","25.6%","25.1%","24.9%"
"        Margin of Error","","±5,079","","±0.1","±0.1","±0.1","±0.1","±0.1","±0.1","±0.1","±0.1","±0.1","","±0.1","±0.1","±0.1","±0.1","","±4,843","±0.2","±0.2","±0.2","±0.2","±0.1","","±4,192","±0.3","±0.3","±0.2","±0.3","±0.3","±0.2","","(X)","(X)","(X)"
"    Median income (dollars)","","","","","","","","","","","","","","","","","","","","","","","","","","","","","","","","","","","",""
"        Estimate","","52,738","","55,187","26,968","36,537","53,887","35,729","34,348","41,659","36,826","55,749","","26,082","58,482","65,718","35,445","","67,232","65,708","68,190","77,864","30,114","42,352","","31,143","26,845","24,129","49,290","36,609","32,174","55,210","","(X)","(X)","(X)"
"        Margin of Error","","±201","","±202","±515","±1,504","±2,412","±10,719","±1,693","±1,796","±740","±203","","±468","±487","±401","±226","","±278","±535","±307","±332","±470","±612","","±191","±224","±260","±1,320","±378","±316","±1,163","","(X)","(X)","(X)"
"Wyoming","","","","","","","","","","","","","","","","","","","","","","","","","","","","","","","","","","","",""
"    Total","","","","","","","","","","","","","","","","","","","","","","","","","","","","","","","","","","","",""
"        Estimate","","225,514","","93.5%","0.9%","1.5%","0.7%","0.0%","1.7%","1.7%","6.9%","89.0%","","6.3%","33.2%","39.5%","21.0%","","147,321","43.3%","56.7%","79.8%","13.4%","6.7%","","78,193","47.6%","39.3%","8.4%","52.4%","40.5%","11.8%","","26.2%","26.7%","23.9%"
"        Margin of Error","","±1,392","","±0.3","±0.1","±0.1","±0.1","±0.1","±0.2","±0.2","±0.2","±0.3","","±0.3","±0.4","±0.4","±0.3","","±1,586","±0.7","±0.7","±0.7","±0.6","±0.4","","±1,461","±0.9","±1.0","±0.7","±0.9","±1.1","±0.8","","(X)","(X)","(X)"
"    Median income (dollars)","","","","","","","","","","","","","","","","","","","","","","","","","","","","","","","","","","","",""
"        Estimate","","58,252","","59,519","36,479","41,502","43,125","131,370","43,178","44,688","42,803","60,462","","31,771","64,600","71,642","38,134","","72,086","69,213","73,912","81,531","30,245","51,294","","33,857","27,790","25,071","55,154","40,173","36,450","59,489","","(X)","(X)","(X)"
"        Margin of Error","","±788","","±873","±10,105","±3,942","±10,039","±631","±5,502","±8,584","±3,103","±760","","±2,646","±1,395","±1,472","±1,335","","±947","±2,227","±1,269","±1,112","±1,670","±2,797","","±832","±1,120","±802","±7,485","±1,174","±950","±5,025","","(X)","(X)","(X)"
"Puerto Rico","","","","","","","","","","","","","","","","","","","","","","","","","","","","","","","","","","","",""
"    Total","","","","","","","","","","","","","","","","","","","","","","","","","","","","","","","","","","","",""
"        Estimate","","1,241,454","","69.4%","8.7%","0.3%","0.3%","0.0%","10.7%","10.5%","99.0%","0.7%","","2.4%","29.2%","39.3%","29.1%","","887,662","39.8%","60.2%","57.2%","33.9%","8.9%","","353,792","56.4%","49.8%","6.6%","43.6%","37.3%","6.3%","","25.3%","26.8%","19.3%"
"        Margin of Error","","±2,991","","±0.3","±0.1","±0.1","±0.1","±0.1","±0.2","±0.2","±0.1","±0.1","","±0.1","±0.2","±0.2","±0.1","","±3,767","±0.3","±0.3","±0.3","±0.3","±0.2","","±3,218","±0.4","±0.4","±0.3","±0.4","±0.4","±0.3","","(X)","(X)","(X)"
"    Median income (dollars)","","","","","","","","","","","","","","","","","","","","","","","","","","","","","","","","","","","",""
"        Estimate","","19,686","","20,080","19,463","19,342","15,639","-","17,796","19,607","19,625","28,278","","6,915","22,969","22,809","16,119","","23,235","20,471","24,607","30,814","14,447","17,475","","11,621","10,719","9,848","23,737","12,886","11,892","21,999","","(X)","(X)","(X)"
"        Margin of Error","","±143","","±213","±499","±2,166","±3,411","**","±474","±459","±140","±3,894","","±520","±368","±300","±175","","±210","±382","±233","±270","±292","±377","","±130","±176","±130","±1,121","±277","±271","±1,405","","(X)","(X)","(X)"