state,year,no_college_RR,unemployment_RR,median_income_ratio,renters_RR,incarceration_RR,two_class,three_class,four_class,five_class,three_class_reordered
Alabama,2019,1.141308898007435,2.0652173913043477,1.7075866540910165,2.112362365704921,2.792119149761586,1,1,2,1,3
Alaska,2019,1.2401597844235843,0.9038461538461536,1.3802801048383206,2.0320335532164795,4.073530106604137,1,1,2,1,3
Arizona,2019,1.1613641042016505,1.7346938775510206,1.3644747393744987,2.2613251884289154,4.091366909874488,1,1,2,1,3
Arkansas,2019,1.120445013851057,2.045454545454545,1.6115060804490178,1.976951537583689,3.3683174166307577,1,1,2,1,3
California,2019,1.3262643588151817,2.03921568627451,1.6800547871211682,1.781815110537836,8.299741985940296,1,3,1,3,2
Colorado,2019,1.396983074497423,1.8157894736842104,1.5204249472686109,2.025405109025757,6.279960780184022,1,3,1,3,2
Connecticut,2019,1.406446298703243,2.2608695652173916,1.8270816326530612,2.5152297560988393,8.184062257137446,2,3,1,3,2
Delaware,2019,1.171740870360975,1.7608695652173914,1.469668989892973,2.4827904199699327,4.158855593942359,1,1,2,1,3
Florida,2019,1.2134541123202722,1.9361702127659577,1.4791137115725863,2.13621156372697,3.520497677506999,1,1,2,1,3
Georgia,2019,1.1715262411371496,2,1.52126706962167,2.0493530867297896,2.736841785610195,1,1,2,1,3
Hawaii,2019,1.3034765561321486,2.066666666666667,1.179497115301817,1.7823882240599698,1.9835086068761576,1,1,2,1,3
Idaho,2019,1.043000259417286,2.125,1.3371520193335502,2.2587282698812112,3.9050085506509977,1,1,2,2,3
Illinois,2019,1.2800966992582514,3.2790697674418605,1.9102999507427476,2.4063691211432867,7.785259667111166,2,2,3,5,1
Indiana,2019,1.1259504684888024,2.675,1.715460667717438,2.4317431477470564,4.430680605071325,1,1,2,4,3
Iowa,2019,1.1733911436026785,3.3125,1.948660505927378,2.9385362873870817,8.532657522215349,2,2,3,5,1
Kansas,2019,1.2475426700054535,2.228571428571428,1.6565035846529583,2.223270812822937,6.070880308877768,1,1,1,1,3
Kentucky,2019,1.0987943969768288,1.8627450980392155,1.438254996705469,2.2198273377191575,2.802076587253773,1,1,2,1,3
Louisiana,2019,1.1744984286740758,2.127659574468085,1.99603798297315,2.1895966676571996,3.6784859852169767,1,1,2,4,3
Maine,2019,1.087409596528374,1.875,1.3641173865411065,2.9395390470655576,6.649859125887304,1,1,4,2,3
Maryland,2019,1.2800922092766176,1.9736842105263157,1.4092005385969844,2.099211281662097,4.550592819037273,1,1,2,1,3
Massachusetts,2019,1.3876833080853987,2.0731707317073176,1.7101192083638748,2.187120652201502,6.140214178831947,1,3,1,3,2
Michigan,2019,1.1844108993804876,2.8913043478260874,1.7482022535530264,2.610576860238655,6.390595839740445,2,2,3,4,1
Minnesota,2019,1.2643471634129133,3.03448275862069,1.982095157493851,3.244351913115905,9.476687953603786,2,2,3,5,1
Mississippi,2019,1.1406613814983766,2.1346153846153846,1.8302402813049423,2.1085603918651383,2.5367476295429077,1,1,2,1,3
Missouri,2019,1.16702424671428,2.358974358974359,1.5906291185884505,2.2269203935566897,3.573410219161531,1,1,2,1,3
Montana,2019,0.9996689802338734,1.8857142857142857,1.2664410274801632,2.420368437429731,5.291615913137735,1,1,4,2,3
Nebraska,2019,1.1948667866080716,3.0769230769230766,1.8003113186568824,2.3604578308391875,8.23160260618864,2,2,3,5,1
Nevada,2019,1.167756198532317,1.8727272727272728,1.6191450991860408,1.9640164427175837,3.670661782963859,1,1,2,1,3
New Hampshire,2019,1.1610620499421032,2.3823529411764706,1.337816141562365,2.500491025566113,2.8101804668934314,1,1,2,1,3
New Jersey,2019,1.353637792372708,2.130434782608696,1.7740342178902098,2.627324509247078,11.268264436167314,2,3,1,3,2
New Mexico,2019,1.2141667116994137,1.4599999999999995,1.4758932096328463,2.1534266037235543,5.042841118225262,1,1,2,1,3
New York,2019,1.3317754841861276,2.2195121951219514,1.6224643202833784,2.0681880153222867,7.273926243227461,1,3,1,3,2
North Carolina,2019,1.2105922704426753,2.116279069767442,1.5862739081517847,2.047853953625545,3.7851537110808833,1,1,2,1,3
North Dakota,2019,1.1229092359776838,3.3181818181818175,1.8093578369243768,2.7518260813233795,3.679706961955007,2,2,3,4,1
Ohio,2019,1.1718323141610747,2.674418604651163,1.8525544363351227,2.3197782950463757,5.346226189020609,2,2,3,4,1
Oklahoma,2019,1.1183049798887197,2.261904761904762,1.616925430643699,2.107470740050078,4.089217808881315,1,1,2,1,3
Oregon,2019,1.126446662578139,1.7307692307692306,1.5412826466856582,1.936432948502413,4.667960900414902,1,1,2,1,3
Pennsylvania,2019,1.205278367809708,2.642857142857143,1.7163900414937758,2.2265067434255466,7.414153276319887,2,2,1,4,1
Rhode Island,2019,1.2643124508633492,2.204545454545454,1.61068952697531,2.0931921088981587,7.937112013720339,1,3,1,3,2
South Carolina,2019,1.259223578774454,2.022222222222222,1.777841103385387,2.0559065541210853,3.772984607430318,1,1,2,1,3
South Dakota,2019,1.20565664114103,1.727272727272727,1.5952565493721904,2.892825830454679,5.134900805793209,1,1,4,1,3
Tennessee,2019,1.11562794649398,1.977777777777778,1.4749813100977032,2.0946305113543477,3.2616000420943143,1,1,2,1,3
Texas,2019,1.2301389809046284,1.902439024390244,1.6292836897706775,2.0099974175452675,3.299915171232191,1,1,2,1,3
Utah,2019,1.196783054010514,1.9393939393939392,1.8017579996167847,2.7273510126637923,7.090595047288572,1,3,4,4,2
Vermont,2019,1.0339642548600638,1.2571428571428571,1.5931472081218274,2.7035577097555,8.08610646591731,1,1,4,2,3
Virginia,2019,1.308389187989496,1.9210526315789471,1.549463739497425,1.952017033976155,4.296068606842335,1,1,2,1,3
Washington,2019,1.1959556980933308,1.7333333333333334,1.449584771150127,2.115217012359558,4.869168739920209,1,1,2,1,3
West Virginia,2019,1.0652032553876964,1.640625,1.4223885552168534,2.2901429730486864,3.4408068331866044,1,1,2,1,3
Wisconsin,2019,1.24802990881901,3.3333333333333335,2.0709706229466365,2.6599295598406414,11.389735367263947,2,2,3,5,1
Wyoming,2019,0.9931106630908384,2.1707317073170738,1.3870552483855991,2.5566791102469457,4.683895211542084,1,1,4,2,3
