state,year,total_both_genders_white,total_male_white,less_than_hs_male_white,hs_grad_male_white,some_college_male_white,college_degree_male_white,total_female_white,less_than_hs_female_white,hs_grad_female_white,some_college_female_white,college_degree_female_white,total_both_genders_black,total_male_black,less_than_hs_male_black,hs_grad_male_black,some_college_male_black,college_degree_male_black,total_female_black,less_than_hs_female_black,hs_grad_female_black,some_college_female_black,college_degree_female_black,percent_no_college_white,percent_no_college_black,edu_RR
Alabama,2019,2288814,1098049,135537,335060,316310,311142,1190765,130741,353592,374158,332274,831045,369995,71286,145769,100680,52260,461050,68201,141203,154710,96936,0.7188867247404114,0.8204718156056532,1.141308898007435
Alaska,2019,319243,169066,7544,45126,60799,55597,150177,5660,32258,52564,59695,15401,8925,633,2933,4066,1293,6476,316,1566,2688,1906,0.6388581738675554,0.7922862151808324,1.2401597844235845
Arizona,2019,2930339,1430235,86367,318078,502655,523135,1500104,80209,336059,559519,524317,196606,100895,10702,26046,39919,24228,95711,9536,20485,40026,25664,0.6425492067641321,0.7462335839191072,1.1613641042016503
Arkansas,2019,1542183,743379,86838,267029,211686,177826,798804,78587,263188,251890,205139,281226,128156,22214,54311,35688,15943,153070,23805,46964,53869,28432,0.7516734395334406,0.8422087573695177,1.1204450138510573
California,2019,11199800,5542953,289529,1011882,1749916,2491626,5656847,278238,1026582,1917733,2434294,1544982,753780,84910,196396,290997,181477,791202,73015,175480,327037,215670,0.5601778603189342,0.7429439307383516,1.3262643588151815
Colorado,2019,2795761,1386552,51635,274134,411159,649624,1409209,45008,262101,431061,671039,149058,80928,7410,23411,29378,20729,68130,7190,16889,25589,18462,0.5276194925102682,0.7370755008117645,1.396983074497423
Connecticut,2019,1771370,847063,49965,225476,200497,371125,924307,48094,230731,235815,409667,246556,113157,16703,43564,31192,21698,133399,16348,43477,42634,30940,0.5592157482626441,0.78650691932056,1.4064462987032427
Delaware,2019,451436,214908,17584,66741,56729,73854,236528,14439,71723,68171,82195,136568,61745,7391,25307,16197,12850,74823,7259,25381,23172,19011,0.6543275237242931,0.7667023021498448,1.171740870360975
District of Columbia,2019,198177,100184,489,2355,5812,91528,97993,581,1688,5177,90547,218421,95122,14101,31840,23466,25715,123299,15814,39517,33965,34003,0.08125059921181566,0.7265922232752345,8.94260756626607
Florida,2019,8744092,4230294,329293,1164385,1266675,1469941,4513798,293166,1295325,1468256,1457051,2128338,989377,179775,360522,286984,162096,1138961,177679,347294,365875,248113,0.6652606125370135,0.8072632260477424,1.2134541123202722
Georgia,2019,3916069,1892255,193561,520804,510734,667156,2023814,176256,548599,591761,707198,2079101,927946,140100,329218,272708,185920,1151155,137057,314765,387051,312282,0.6490475525329099,0.7603762395381466,1.1715262411371496
Hawaii,2019,242659,129947,4009,24949,42687,58302,112712,3413,20593,35023,53683,17429,11166,466,2636,5240,2824,6263,261,961,2670,2371,0.5385087715683325,0.701933559010844,1.3034765561321486
Idaho,2019,956115,470330,31598,133173,164664,140895,485785,28129,126858,190378,140420,5476,3747,279,935,1452,1081,1729,251,511,603,364,0.7057728411331272,0.7361212563915267,1.043000259417286
Illinois,2019,5706930,2758568,169128,721637,797915,1069888,2948362,162523,759625,881927,1144287,1165513,523779,80207,169700,176058,97814,641734,76913,164189,246048,154584,0.612019947677648,0.7834447149023649,1.2800966992582514
Indiana,2019,3666437,1770905,175692,625348,495957,473908,1895532,167311,627602,573811,526808,380821,176021,26668,66833,53785,28735,204800,27023,61988,75456,40333,0.7270603585988249,0.8186339513839835,1.1259504684888024
Iowa,2019,1868280,907938,58835,304638,290624,253841,960342,51020,284746,331330,293246,62522,33726,5304,11746,10523,6153,28796,4713,8302,11292,4489,0.7071707666944997,0.8297879146540418,1.1733911436026783
Kansas,2019,1530206,742071,45300,200727,234115,261929,788135,41819,193797,262960,289559,103225,52690,7217,16681,18679,10113,50535,5513,14640,19636,10746,0.6395988513964787,0.7979268588035844,1.2475426700054537
Kentucky,2019,2635316,1266147,182541,448647,338145,296814,1369169,165823,430388,423214,349744,223886,107984,15849,39847,36200,16088,115902,15029,34324,44400,22149,0.7546563675855191,0.8292121883458545,1.0987943969768288
Louisiana,2019,1948934,943492,118427,320465,249402,255198,1005442,98393,333179,279675,294195,932703,425141,100263,171620,103638,49620,507562,85703,168130,157301,96428,0.718105897890847,0.8434142486943861,1.1744984286740758
Maine,2019,924484,443997,36771,150786,125244,131196,480487,28441,143366,145413,163267,9276,5460,909,1470,1746,1335,3816,712,1030,1007,1067,0.6814839413121265,0.7410521776627856,1.087409596528374
Maryland,2019,2248349,1082814,72559,263078,254510,492667,1165535,67247,274165,296948,527175,1206302,540678,58586,177692,157338,147062,665624,59228,177845,213056,215495,0.5464040502608802,0.6994475678561421,1.2800922092766176
Massachusetts,2019,3612618,1719395,108522,434198,380817,795858,1893223,102105,426171,467066,897881,329719,156197,22217,48106,46910,38964,173522,25439,46690,53668,47725,0.5311602278458447,0.7370821821005159,1.3876833080853987
Michigan,2019,5346396,2603573,208137,773636,835099,786701,2742823,190281,791415,927337,833790,873014,397776,61833,144474,134455,57014,475238,59195,129468,191175,95400,0.6969003044293763,0.8254163163477333,1.1844108993804876
Minnesota,2019,3178001,1558778,75157,409815,507422,566384,1619223,57400,384099,546613,631111,193678,98609,15287,26625,33968,22729,95069,20962,22303,33460,18344,0.6231923778501014,0.7879315151953242,1.2643471634129133
Mississippi,2019,1191300,573559,77180,173031,181686,141662,617741,63992,176737,210915,166097,695072,313353,73802,118408,87041,34102,381719,67245,110784,130740,72950,0.7416612104423739,0.8459843009069564,1.1406613814983766
Missouri,2019,3424173,1655297,157784,537734,474477,485302,1768876,149230,524881,545581,549184,438904,199128,29990,72792,64406,31940,239776,29818,69985,90475,49498,0.6978873438929634,0.8144514517981153,1.16702424671428
Montana,2019,646116,321574,20259,96351,101013,103951,324542,16484,88749,108878,110431,3051,2017,240,551,635,591,1034,85,113,414,422,0.6681988992688619,0.6679777122254998,0.9996689802338734
Nebraska,2019,1046093,510506,27600,139440,176277,167189,535587,23504,134394,187868,189821,53373,27015,3397,8766,9285,5567,26358,3743,7181,9637,5797,0.6587205917638298,0.7870833567534147,1.1948667866080716
Nevada,2019,1132972,575156,35740,156407,210638,172371,557816,33182,152135,209138,163361,174806,85799,9068,29936,33160,13635,89007,9207,26643,35627,17530,0.7036714058246806,0.8217166458817203,1.167756198532317
New Hampshire,2019,884111,430448,31043,125365,119103,154937,453663,23875,119931,138440,171417,12526,7691,930,2460,2203,2098,4835,775,1385,1422,1253,0.6308676173014475,0.7324764489861089,1.1610620499421032
New Jersey,2019,3619142,1732065,102117,454293,400281,775374,1887077,105197,526643,435104,820133,793348,360161,45001,135360,101865,77935,433187,48817,133765,135664,114941,0.559147720647601,0.7568834861876503,1.353637792372708
New Mexico,2019,610960,297903,17408,65062,96607,118826,313057,14284,63874,105236,129663,27008,15687,1523,3777,6440,3947,11321,1079,2238,4398,3606,0.593281065863559,0.7203421208530806,1.2141667116994135
New York,2019,7977098,3842277,271636,982877,960345,1627419,4134821,256912,1039689,1038121,1800099,2054954,914857,155893,313566,255464,189934,1140097,176565,326014,333342,304176,0.5703302128167411,0.7595517953199926,1.3317754841861276
North Carolina,2019,4718733,2258639,221464,581462,677472,778241,2460094,184019,593430,810472,872173,1435294,642306,105065,224602,201569,111070,792988,102204,210478,285914,194392,0.6502421306736363,0.7871780973096801,1.2105922704426753
North Dakota,2019,434504,220377,15351,61776,81344,61906,214127,11806,52756,76055,73510,11984,7276,630,2043,2929,1674,4708,970,1245,1446,1047,0.688343490508718,0.7729472630173565,1.1229092359776838
Ohio,2019,6541263,3153769,278843,1095504,864647,914775,3387494,269609,1116306,998253,1003326,911714,420846,64160,152666,138154,65866,490868,64781,145516,189818,90753,0.7067690138739262,0.8282147691052237,1.1718323141610747
Oklahoma,2019,1853430,895514,83918,289153,274958,247485,957916,83527,289798,313095,271496,177080,86962,10281,32027,29313,15341,90118,9030,28020,33908,19160,0.719988885471801,0.805167156087644,1.1183049798887197
Oregon,2019,2333424,1134156,75773,267662,394038,396683,1199268,64703,269058,438767,426740,50259,27395,3076,6733,9758,7828,22864,2960,4867,9242,5795,0.6471181405522528,0.7289440697188563,1.126446662578139
Pennsylvania,2019,7176924,3458424,269959,1238330,815648,1134487,3718500,262669,1306906,920303,1228622,902460,419507,61023,172956,114995,70533,482953,62171,164043,154381,102358,0.6707351227350324,0.8084225339627241,1.205278367809708
Rhode Island,2019,569265,269296,23434,76589,69160,100113,299969,24296,77546,83898,114229,43097,21507,2977,6742,7224,4564,21590,3509,7113,6407,4561,0.623475885571746,0.7882683249414113,1.2643124508633492
South Carolina,2019,2324975,1114174,111414,303581,328322,370857,1210801,101636,321947,388600,398618,870680,388563,77790,156539,106907,47327,482117,74625,158108,159553,89831,0.6690394520371187,0.8424702531354803,1.2592235787744541
South Dakota,2019,495899,246152,16915,78786,78777,71674,249747,13009,71117,85069,80552,9371,6051,929,2012,2056,1054,3320,1046,967,820,487,0.6930302339790966,0.8355565041084196,1.2056566411410299
Tennessee,2019,3553558,1704649,200327,565740,453248,485334,1848909,190328,586282,539514,532785,710073,323197,50752,122525,95987,53933,386876,48744,116764,130441,90927,0.7134930680743075,0.7959928063734292,1.11562794649398
Texas,2019,8572364,4184826,259243,972971,1306365,1646247,4387538,260460,1027264,1430369,1669445,2165688,1014227,114792,330021,344918,224496,1151461,106736,300755,436433,307537,0.6132114781873472,0.754335342856404,1.2301389809046284
Utah,2019,1483251,734295,34154,152724,255269,292148,748956,30512,167929,296209,254306,18531,11274,1207,2984,4229,2854,7257,1103,1707,2777,1670,0.63158359576363,0.755868544600939,1.196783054010514
Vermont,2019,416037,201544,17255,65908,48107,70274,214493,11267,56108,59391,87727,4282,2610,358,539,816,897,1672,119,286,628,639,0.6202236820282812,0.6412891172349369,1.0339642548600638
Virginia,2019,3767293,1831071,149204,438857,466457,776553,1936222,129089,447808,547151,812174,1072984,500520,76648,169198,146259,108415,572464,74061,151554,194122,152727,0.5782841950440276,0.7566207883808146,1.308389187989496
Washington,2019,3750649,1849135,101527,425435,624958,697215,1901514,88495,409280,697058,706681,180350,98960,8772,26001,39196,24991,81390,9588,19266,32133,20403,0.6256925134823333,0.7483005267535348,1.1959556980933308
West Virginia,2019,1203437,582453,83554,249860,134785,114254,620984,74819,241917,173237,131011,43749,24329,2797,10252,8002,3278,19420,1730,6990,7333,3367,0.7961962279703881,0.8481108139614619,1.0652032553876964
Wisconsin,2019,3381290,1660409,106619,531874,521954,499962,1720881,84464,511902,556703,567812,212316,100031,18603,37859,32096,11473,112285,16441,34541,41760,19543,0.6842110555438901,0.8539158612633998,1.24802990881901
Wyoming,2019,340666,171436,9083,53622,60601,48130,169230,8475,44486,65758,50511,3206,1881,80,443,743,615,1325,157,329,510,329,0.7104465957859017,0.7055520898315658,0.9931106630908385
Puerto Rico,2019,23045,12180,1780,2706,3430,4264,10865,1362,2312,2686,4505,281690,136616,38808,44510,32386,20912,145074,32863,37944,38071,36196,0.619483619006292,0.7972664986332493,1.2869856024799124
