Offender Characteristics from NCRP,,Year,,,,,,,,,
State,Race/Hispanic Ethnicity of Inmate,2010,2011,2012,2013,2014,2015,2016,2017,2018,2019
ALABAMA,"White, non-Hispanic",12723,13217,13373,13403,13154,12969,12305,12195,12259,13143
,"Black, non-Hispanic",*,*,*,*,*,*,*,*,*,*
,"Hispanic, any race",*,*,*,*,*,*,*,*,*,*
,"Other race(s), non-Hispanic",*,*,*,*,*,*,*,*,*,*
,Missing,19038,19050,19055,18975,18613,17838,16576,15408,14578,15159
ALASKA,"White, non-Hispanic",*,*,*,*,2819,2565,2067,2031,1971,1991
,"Black, non-Hispanic",*,*,*,*,514,501,443,449,458,441
,"Hispanic, any race",*,*,*,*,143,137,132,120,145,135
,"Other race(s), non-Hispanic",*,*,*,*,2279,2098,1754,1766,1779,1884
,Missing,5391,5597,5633,5081,39,37,38,34,27,24
ARIZONA,"White, non-Hispanic",15454,15632,15861,16155,16684,16754,16475,16350,16392,*
,"Black, non-Hispanic",5294,5354,5292,5411,5604,5831,5860,5915,6096,*
,"Hispanic, any race",16729,16459,16348,16887,17111,17232,17017,16730,16406,*
,"Other race(s), non-Hispanic",2726,2573,2577,2717,2857,2897,2956,3024,3093,*
,Missing,*,*,*,*,*,*,12,12,18,*
ARKANSAS,"White, non-Hispanic",8729,8724,7863,9357,9953,9794,9744,10116,9984,10049
,"Black, non-Hispanic",6900,6804,6246,7237,7265,7225,7067,7192,7069,6959
,"Hispanic, any race",104,106,98,101,95,93,85,92,83,85
,"Other race(s), non-Hispanic",471,474,447,540,561,595,642,670,663,665
,Missing,*,*,*,*,*,*,*,*,*,*
CALIFORNIA,"White, non-Hispanic",41315,35953,31055,30716,30505,28254,28210,28069,27192,25601
,"Black, non-Hispanic",47981,43551,39622,39368,39118,37118,37137,37329,36499,34812
,"Hispanic, any race",65245,60176,54516,55698,56552,54887,55843,56849,56511,54342
,"Other race(s), non-Hispanic",8728,9867,9336,10156,9801,9139,8890,8788,8419,7928
,Missing,1792,21,*,44,109,195,*,*,*,*
COLORADO,"White, non-Hispanic",10004,9768,9099,9077,9423,9207,9244,9191,9352,9020
,"Black, non-Hispanic",4400,4207,3939,3853,3862,3640,3561,3513,3538,3503
,"Hispanic, any race",7547,7163,6650,6647,6563,6373,6335,6340,6489,6268
,"Other race(s), non-Hispanic",863,841,774,794,797,820,840,902,992,991
,Missing,*,*,*,*,*,*,*,*,*,*
CONNECTICUT,"White, non-Hispanic",5875,5783,5620,5532,5386,5214,4779,4386,4179,3876
,"Black, non-Hispanic",8224,7708,7266,7361,6926,6449,6193,5835,5851,5453
,"Hispanic, any race",5101,4725,4531,4555,4215,4017,3882,3712,3564,3381
,"Other race(s), non-Hispanic",121,108,114,115,108,135,103,107,87,113
,Missing,*,*,*,*,*,*,*,*,*,*
DELAWARE,"White, non-Hispanic",2404,2566,2735,2798,2899,2674,2612,2479,2235,2002
,"Black, non-Hispanic",3955,3916,3905,3934,3777,3715,3710,3712,3601,3404
,"Hispanic, any race",251,248,264,262,270,257,249,244,225,272
,"Other race(s), non-Hispanic",*,*,*,*,*,*,11,*,*,*
,Missing,*,*,*,*,*,*,*,*,*,*
FLORIDA,"White, non-Hispanic",41426,41158,40737,41260,41103,39956,39080,38781,38658,37791
,"Black, non-Hispanic",50147,48885,48249,48711,48347,47882,47174,46229,45538,44887
,"Hispanic, any race",11430,11756,11639,11764,12057,12145,12190,11818,11751,11659
,"Other race(s), non-Hispanic",684,639,626,616,632,625,627,702,772,783
,Missing,619,616,679,677,731,816,902,974,820,890
GEORGIA,"White, non-Hispanic",18486,18551,18439,18100,17910,18048,18718,19100,19086,19755
,"Black, non-Hispanic",35280,34626,34323,33332,32558,31832,32568,32208,32090,32608
,"Hispanic, any race",2440,2547,2464,2352,2248,2078,2086,2115,2232,2222
,"Other race(s), non-Hispanic",223,216,225,213,224,225,247,231,232,228
,Missing,*,*,*,*,*,11,*,12,*,*
HAWAII,"White, non-Hispanic",*,*,*,*,*,1304,1263,1300,1216,1233
,"Black, non-Hispanic",*,*,*,*,*,276,273,272,224,225
,"Hispanic, any race",*,*,*,*,*,165,162,154,138,136
,"Other race(s), non-Hispanic",*,*,*,*,*,3787,3559,3525,3401,3267
,Missing,*,*,*,*,*,346,345,379,396,418
IDAHO,"White, non-Hispanic",5528,*,5909,6154,6126,6082,6102,*,6495,8213
,"Black, non-Hispanic",179,*,216,219,231,209,211,*,247,286
,"Hispanic, any race",1236,*,1274,1244,1193,1261,234,*,194,203
,"Other race(s), non-Hispanic",397,*,450,447,459,411,405,*,466,527
,Missing,91,*,136,179,109,90,1300,*,1262,208
ILLINOIS,"White, non-Hispanic",14037,14193,14403,14152,14017,13606,13210,12457,12379,12233
,"Black, non-Hispanic",27772,27634,28375,28154,28016,26551,24653,23377,22143,20867
,"Hispanic, any race",6347,6380,6331,6081,5989,5814,5536,5331,5133,4854
,"Other race(s), non-Hispanic",245,208,223,246,240,245,241,247,272,265
,Missing,17,13,16,20,16,24,17,14,38,40
INDIANA,"White, non-Hispanic",16230,16740,16991,18027,17882,16654,15491,15867,16534,16801
,"Black, non-Hispanic",10309,10642,10307,10367,9894,9315,8797,8904,9039,9002
,"Hispanic, any race",1279,1317,1313,1281,1238,1144,1044,1032,1044,1073
,"Other race(s), non-Hispanic",138,148,183,203,226,217,194,199,215,270
,Missing,72,58,38,35,31,24,19,21,45,34
IOWA,"White, non-Hispanic",6149,5868,5690,5672,5726,5815,5894,5937,6206,6096
,"Black, non-Hispanic",2416,2400,2243,2241,2263,2219,2289,2249,2369,2331
,"Hispanic, any race",629,607,556,561,612,576,603,599,592,610
,"Other race(s), non-Hispanic",260,239,241,222,234,238,244,235,249,245
,Missing,*,*,*,*,*,*,*,*,*,*
KANSAS,"White, non-Hispanic",*,5021,5320,5453,5641,5627,5602,5720,5845,5855
,"Black, non-Hispanic",*,3105,3131,3102,2998,2851,2847,2778,2782,2765
,"Hispanic, any race",*,955,995,972,985,1094,1166,1229,1266,1252
,"Other race(s), non-Hispanic",*,230,231,230,250,285,303,289,325,305
,Missing,*,16,*,*,*,*,*,*,*,*
KENTUCKY,"White, non-Hispanic",14593,15688,16315,15488,16108,16262,17415,17766,17738,17409
,"Black, non-Hispanic",5356,5227,5147,4888,4865,4737,4853,4970,4888,4845
,"Hispanic, any race",172,180,180,190,199,192,205,213,203,219
,"Other race(s), non-Hispanic",196,230,238,247,249,257,287,305,311,328
,Missing,228,219,230,217,235,252,262,289,292,281
LOUISIANA,"White, non-Hispanic",*,*,*,*,*,*,*,*,*,*
,"Black, non-Hispanic",*,*,*,*,*,*,*,*,*,*
,"Hispanic, any race",*,*,*,*,*,95,89,89,89,69
,"Other race(s), non-Hispanic",*,*,*,*,*,*,*,*,*,*
,Missing,39445,39710,40172,39299,38030,36282,35593,33650,32308,31540
MAINE,"White, non-Hispanic",*,*,1824,1881,1937,1948,2041,1985,1961,1777
,"Black, non-Hispanic",*,*,147,152,173,193,214,253,264,228
,"Hispanic, any race",*,*,*,*,*,*,*,*,*,*
,"Other race(s), non-Hispanic",*,*,92,99,92,101,106,110,128,101
,Missing,*,*,45,41,39,38,42,57,72,79
MARYLAND,"White, non-Hispanic",*,*,*,*,4552,4889,4860,4623,4371,4128
,"Black, non-Hispanic",*,*,*,*,12425,12689,12665,12496,12397,12453
,"Hispanic, any race",*,*,*,*,596,648,636,653,688,734
,"Other race(s), non-Hispanic",*,*,*,*,1404,390,256,252,253,247
,Missing,22645,22558,21522,21335,2034,2148,1577,1344,1148,1033
MASSACHUSETTS,"White, non-Hispanic",4297,4434,4434,4360,4280,3922,3681,3546,3410,3075
,"Black, non-Hispanic",2972,3065,2952,2830,2823,2611,2493,2402,2260,2212
,"Hispanic, any race",3112,3175,2989,2852,2762,2615,2508,2536,2436,2371
,"Other race(s), non-Hispanic",303,309,312,320,302,290,263,235,211,198
,Missing,629,641,621,588,547,485,457,414,375,350
MICHIGAN,"White, non-Hispanic",*,*,*,*,*,*,*,*,*,*
,"Black, non-Hispanic",*,*,*,*,*,*,*,*,*,*
,"Hispanic, any race",887,1117,1504,1555,1583,1563,1559,1523,1556,*
,"Other race(s), non-Hispanic",*,*,*,*,*,*,*,*,*,*
,Missing,43278,41823,42132,42204,41807,41065,39563,38143,37205,*
MINNESOTA,"White, non-Hispanic",4508,4439,4575,4746,4902,4967,4992,5048,4641,4659
,"Black, non-Hispanic",3465,3475,3476,3582,3664,3826,3650,3714,3666,3615
,"Hispanic, any race",753,739,754,759,754,698,682,634,600,563
,"Other race(s), non-Hispanic",1070,1146,1133,1200,1312,1299,1257,1307,1187,1135
,Missing,*,*,*,*,*,*,11,*,*,*
MISSISSIPPI,"White, non-Hispanic",6862,7014,7460,7292,6164,6397,6778,6945,6981,7136
,"Black, non-Hispanic",13970,14148,14621,14427,12402,12283,12156,11891,12013,12018
,"Hispanic, any race",161,157,158,163,145,134,142,117,135,120
,"Other race(s), non-Hispanic",59,55,62,70,60,67,64,65,80,75
,Missing,15,13,18,18,22,31,51,85,67,69
MISSOURI,"White, non-Hispanic",17072,17210,17624,18010,18634,19197,19345,19381,17976,14987
,"Black, non-Hispanic",11137,10982,10880,10774,10380,10190,9804,9332,8207,7281
,"Hispanic, any race",603,597,605,615,605,604,609,681,627,551
,"Other race(s), non-Hispanic",147,154,151,165,163,175,160,169,161,129
,Missing,1665,1889,1988,1972,2160,2164,2544,3037,3397,3096
MONTANA,"White, non-Hispanic",409,491,574,703,893,1221,1755,2699,2734,3334
,"Black, non-Hispanic",11,10,13,16,25,32,54,95,91,132
,"Hispanic, any race",136,124,59,37,19,14,*,37,72,125
,"Other race(s), non-Hispanic",100,117,138,168,210,319,491,844,857,1117
,Missing,3060,2936,2824,2718,2552,2099,1505,23,12,15
NEBRASKA,"White, non-Hispanic",2585,2532,2598,2806,3029,2953,2844,2786,2863,2920
,"Black, non-Hispanic",1197,1250,1280,1356,1464,1440,1494,1526,1550,1582
,"Hispanic, any race",544,571,574,588,652,666,659,701,758,817
,"Other race(s), non-Hispanic",259,257,253,276,291,304,295,294,316,360
,Missing,*,*,*,*,*,*,*,*,*,*
NEVADA,"White, non-Hispanic",5639,5760,5805,5854,5603,5767,5895,5838,5747,5359
,"Black, non-Hispanic",3540,3628,3619,3630,3598,3766,4135,4218,4234,3979
,"Hispanic, any race",2761,2725,2799,2913,2671,2838,2963,2933,2902,2724
,"Other race(s), non-Hispanic",580,592,609,626,631,673,742,713,748,773
,Missing,134,73,51,33,34,28,23,18,10,*
NEW HAMPSHIRE,"White, non-Hispanic",*,2239,2384,2580,2521,2444,2355,2289,2284,2254
,"Black, non-Hispanic",*,155,167,177,185,195,213,195,183,182
,"Hispanic, any race",*,136,158,179,177,179,180,181,176,172
,"Other race(s), non-Hispanic",*,18,14,19,20,23,21,21,21,20
,Missing,*,66,67,63,59,56,50,63,57,64
NEW JERSEY,"White, non-Hispanic",5264,5293,5267,5153,4829,4689,4408,4302,4250,*
,"Black, non-Hispanic",15371,14520,14085,13556,13075,12349,12031,11952,11831,*
,"Hispanic, any race",4225,3829,3706,3511,3451,3221,3095,3037,2944,*
,"Other race(s), non-Hispanic",144,156,157,167,144,141,136,137,136,*
,Missing,*,36,10,65,90,89,116,158,201,*
NEW MEXICO,"White, non-Hispanic",1631,1715,1611,1687,1705,1754,*,1832,*,*
,"Black, non-Hispanic",524,553,531,523,505,508,*,506,*,*
,"Hispanic, any race",3907,4069,3922,4057,4166,4273,*,4399,*,*
,"Other race(s), non-Hispanic",569,550,549,540,540,519,*,501,*,*
,Missing,132,111,114,123,105,49,*,39,*,*
NEW YORK,"White, non-Hispanic",12970,13190,13074,13056,12958,12908,12664,12299,11466,10626
,"Black, non-Hispanic",29164,27997,27223,26721,26012,25550,24846,24240,22880,21440
,"Hispanic, any race",13120,12617,12108,11949,11740,11531,11450,11243,10658,9949
,"Other race(s), non-Hispanic",986,992,1126,1282,1366,1418,1492,1447,1387,1275
,Missing,416,639,678,543,442,320,264,232,245,211
NORTH CAROLINA,"White, non-Hispanic",13748,13508,13098,13520,13837,14018,13743,14219,13785,13496
,"Black, non-Hispanic",22357,21818,20248,19806,19637,19078,18552,18684,17701,17348
,"Hispanic, any race",2282,2210,2092,1935,1939,1874,1843,1942,1921,1891
,"Other race(s), non-Hispanic",994,1048,995,1026,1067,1046,999,1007,999,949
,Missing,1002,856,702,635,616,600,559,543,494,395
NORTH DAKOTA,"White, non-Hispanic",930,899,1001,1047,1148,1162,1134,1077,1052,1092
,"Black, non-Hispanic",101,86,99,98,118,139,166,171,187,184
,"Hispanic, any race",77,70,73,81,89,100,104,99,102,111
,"Other race(s), non-Hispanic",379,368,339,349,364,373,367,355,334,387
,Missing,*,*,*,*,*,21,20,21,20,20
OHIO,"White, non-Hispanic",18012,16603,23242,26856,26888,27555,27453,26624,26029,26103
,"Black, non-Hispanic",18404,17124,21247,23191,22853,23008,23017,22993,22542,22326
,"Hispanic, any race",956,735,939,1250,1300,1263,1293,1346,1392,1394
,"Other race(s), non-Hispanic",359,514,552,306,361,344,378,435,456,504
,Missing,13981,15988,4896,125,116,63,34,80,12,12
OKLAHOMA,"White, non-Hispanic",14018,9785,7113,6172,4655,3972,3847,3127,2668,2381
,"Black, non-Hispanic",7804,5726,4324,3803,2896,2512,2447,2003,1717,1511
,"Hispanic, any race",1925,1958,1906,2083,2079,2219,2356,2195,2095,1999
,"Other race(s), non-Hispanic",2500,1756,1270,1095,851,726,712,569,485,429
,Missing,*,6753,10612,14394,17170,19117,20553,20250,19990,18713
OREGON,"White, non-Hispanic",10809,10488,10834,11379,11143,*,*,11236,11054,10742
,"Black, non-Hispanic",1454,1370,1396,1476,1416,*,*,1372,1446,1446
,"Hispanic, any race",2034,2070,2034,2046,1920,*,*,1890,2001,2013
,"Other race(s), non-Hispanic",576,577,573,615,595,*,*,714,732,709
,Missing,*,*,*,*,*,*,*,*,36,50
PENNSYLVANIA,"White, non-Hispanic",20011,20113,20148,20363,20403,20663,20813,20691,20428,20080
,"Black, non-Hispanic",25249,25409,24903,24874,24418,23583,22994,22400,21765,20789
,"Hispanic, any race",5670,5714,5722,5832,5526,5272,5098,4890,4669,4453
,"Other race(s), non-Hispanic",178,163,165,162,180,184,175,168,163,157
,Missing,156,179,187,191,167,156,165,184,214,223
RHODE ISLAND,"White, non-Hispanic",1684,1621,1617,1584,1559,1422,1335,1233,1192,1168
,"Black, non-Hispanic",943,979,957,963,977,971,931,839,820,786
,"Hispanic, any race",651,651,657,722,726,757,747,694,648,681
,"Other race(s), non-Hispanic",78,86,87,90,97,97,90,94,106,105
,Missing,*,*,*,*,*,*,*,*,*,*
SOUTH CAROLINA,"White, non-Hispanic",7485,7255,7209,7301,7162,7189,7486,7148,6962,6858
,"Black, non-Hispanic",15133,14699,14257,13879,13368,12893,12510,11922,11204,10854
,"Hispanic, any race",457,463,453,421,435,437,464,465,459,493
,"Other race(s), non-Hispanic",177,180,190,203,212,189,178,172,176,164
,Missing,326,317,278,256,224,221,219,198,233,240
SOUTH DAKOTA,"White, non-Hispanic",*,*,*,2253,2168,2115,2170,2179,2120,2009
,"Black, non-Hispanic",*,*,*,215,217,238,301,314,309,287
,"Hispanic, any race",*,*,*,157,145,144,145,145,152,148
,"Other race(s), non-Hispanic",*,*,*,1057,1078,1067,1216,1332,1367,1357
,Missing,*,*,*,*,*,*,*,*,*,*
TENNESSEE,"White, non-Hispanic",14090,14937,15006,15384,15820,15588,15813,16626,15224,15297
,"Black, non-Hispanic",12734,12920,12758,12502,12314,11942,11767,11710,10489,10424
,"Hispanic, any race",543,539,556,545,541,548,528,537,498,523
,"Other race(s), non-Hispanic",31,34,32,29,34,33,36,32,37,40
,Missing,52,48,59,61,61,61,60,75,73,65
TEXAS,"White, non-Hispanic",53408,52905,51747,52851,52970,52757,53025,52724,53445,51970
,"Black, non-Hispanic",62115,61315,58563,58330,56528,54495,54036,52955,52886,51082
,"Hispanic, any race",57287,57124,55246,56282,55724,55799,55756,55976,56434,54519
,"Other race(s), non-Hispanic",839,879,816,817,819,851,883,867,863,859
,Missing,*,*,*,*,*,*,*,*,*,*
UTAH,"White, non-Hispanic",4466,4511,4583,4656,4623,4192,3886,3916,4170,4003
,"Black, non-Hispanic",427,428,398,412,396,374,363,367,383,397
,"Hispanic, any race",1461,1490,1522,1545,1516,1418,1411,1429,1560,1583
,"Other race(s), non-Hispanic",243,252,242,246,282,265,264,261,289,299
,Missing,210,199,216,217,214,247,251,246,249,389
VERMONT,"White, non-Hispanic",*,*,*,*,*,1500,1485,1339,1430,1408
,"Black, non-Hispanic",*,*,*,*,*,172,174,133,156,138
,"Hispanic, any race",*,*,*,*,*,22,*,10,10,*
,"Other race(s), non-Hispanic",*,*,*,*,*,17,31,28,20,21
,Missing,2079,2053,2034,2078,*,39,36,35,42,36
VIRGINIA,"White, non-Hispanic",7626,7171,13761,14074,14712,15278,15082,15168,15124,15011
,"Black, non-Hispanic",14487,13564,22180,21809,21760,21979,21580,20847,20323,19802
,"Hispanic, any race",813,838,747,831,827,962,964,938,1005,1071
,"Other race(s), non-Hispanic",104,97,151,150,146,168,173,184,187,185
,Missing,14608,16460,205,118,99,16,15,21,21,22
WASHINGTON,"White, non-Hispanic",11677,11586,11352,11825,11980,12113,12580,8703,7656,8263
,"Black, non-Hispanic",3431,3349,3175,3320,3267,3275,3461,2689,2403,2581
,"Hispanic, any race",1498,1341,1228,1213,1168,1143,1159,1028,1129,1528
,"Other race(s), non-Hispanic",1601,1530,1458,1528,1597,1638,1795,1330,1230,1379
,Missing,28,42,58,98,107,115,109,5907,7105,5511
WEST VIRGINIA,"White, non-Hispanic",5631,5766,6015,5805,5248,6092,6166,6120,5818,5868
,"Black, non-Hispanic",812,806,812,775,723,859,892,866,847,828
,"Hispanic, any race",36,33,33,39,37,*,31,40,33,28
,"Other race(s), non-Hispanic",60,67,65,73,71,72,63,63,73,69
,Missing,142,153,145,132,817,86,11,*,*,*
WISCONSIN,"White, non-Hispanic",10262,10297,10421,10460,10473,10643,10640,10955,10904,10804
,"Black, non-Hispanic",9494,9407,9241,9092,9090,9252,9553,9736,9977,9900
,"Hispanic, any race",2034,2030,2022,2007,2069,2055,2065,2041,1950,1975
,"Other race(s), non-Hispanic",928,918,911,907,959,1017,1113,1204,1223,1268
,Missing,11,*,*,*,*,*,*,*,10,*
WYOMING,"White, non-Hispanic",1646,1711,1729,1761,1838,1856,1799,1876,1919,1871
,"Black, non-Hispanic",94,92,105,121,122,131,130,122,126,129
,"Hispanic, any race",253,240,228,262,281,294,289,312,327,302
,"Other race(s), non-Hispanic",119,139,141,166,142,144,154,163,172,177
,Missing,*,*,*,*,*,*,*,*,*,*
DISTRICT OF COLUMBIA,NA,NA,NA,NA,NA,NA,NA,NA,NA,NA,NA